Nombre,Institucion.Evento,Ciudad,Lugar,Formato,Fecha,anio,Tipo,Cantidad,Rol,Links
Informática para niños ,Liceo Informático (Realicó-La Pampa). ,"Ingeniero Luiggi, La Pampa",Argentina,In person,Abril-Diciembre 1994,1993,Course,7,Teacher,
Sistema Operativo ,Liceo Informático (Realicó-La Pampa).,"Ingeniero Luiggi, La Pampa",Argentina,In person,Agosto-Diciembre 1993,1993,Course,7,Teacher,
Base de Datos ,Alumnos K-12. Liceo Informático (Realicó-La Pampa).,"Ingeniero Luiggi, La Pampa",Argentina,In person,Abril-Diciembre 1994 (Ing. Luiggi),1994,Course,17,Teacher,
Informática para niños ,Liceo Informático (Realicó-La Pampa).,"Ingeniero Luiggi, La Pampa",Argentina,In person,Abril-Diciembre 1994,1994,Course,12,Teacher,
Intro a la computación,IBM-Banco Nación. ,"Ingeniero Luiggi, La Pampa",Argentina,In person,Agosto-Septiembre,1994,Course,5,Teacher,
Sistema Operativo ,Liceo Informático (Realicó-La Pampa). ,"Ingeniero Luiggi, La Pampa",Argentina,In person,Abril-Diciembre 1994,1994,Course,9,Teacher,
2das Jornadas sobre Informática- Educación y Sociedad,Liceo Informático II,Santa Rosa,Argentina,In person,31 de Oct. 1 de Nov,1996,Conference,80,Organizer,
Actividades Plásticas (Internet),Colegio Universitario Liceo Informático II,Santa Rosa,Argentina,In person,Marzo-Diciembre,1996,Course,27,Teacher,
Actividades Prácticas (Producción Multimedial),Colegio Universitario Liceo Informático II,Santa Rosa,Argentina,In person,Marzo-Diciembre,1996,Course,27,Teacher,
Introducción a la computación para niños,C.E.D.A.N.,Santa Rosa,Argentina,In person,Mayo-Noviembre 1996,1996,Course,18,Teacher,
Operador de PC,C.E.D.A.N.,Santa Rosa,Argentina,In person,Mayo-Noviembre 1996,1996,Course,15,Teacher,
Arquitectura y Sistemas Operativos,Carrera de Analista de Sistemas. Colegio Universitario Liceo Informático II,Santa Rosa,Argentina,In person,Agosto-Diciembre,1996,Course,100,Teacher Assistant,
3ras Jornadas sobre Informática- Educación y Sociedad,Liceo Informático II,Santa Rosa,Argentina,In person,30 y 31 de Octubre de 1997,1997,Conference,80,Organizer,
Actividades Plásticas (Internet),Colegio Universitario Liceo Informático II,Santa Rosa,Argentina,In person,Marzo-Diciembre,1997,Course,23,Teacher,
Actividades Prácticas (Producción Multimedial),Colegio Universitario Liceo Informático II,Santa Rosa,Argentina,In person,Marzo-Diciembre,1997,Course,23,Teacher,
Informática 7º año,Tercer ciclo EGB. Colegio Universitario Liceo Informático II,Santa Rosa,Argentina,In person,Marzo-Diciembre,1997,Course,26,Teacher,
Informática 8º año,Tercer ciclo EGB. Colegio Universitario Liceo Informático II,Santa Rosa,Argentina,In person,Marzo-Diciembre,1997,Course,26,Teacher,
Informática inicial para docentes,Docentes. Subsecretaria de Coordinación - Ministerio de Cultura y Educación - Prov. de La Pampa,Santa Rosa,Argentina,In person,Abril-Noviembre 1997,1997,Course,27,Teacher,
Informática inicial para niños ,Alumnos K-12. Colegio Universitario Liceo Informático II,Santa Rosa,Argentina,In person,Abril-Noviembre 1997,1997,Course,15,Teacher,
Multimedia Infantil ,Alumnos K-12. Colegio Universitario Liceo Informático II,Santa Rosa,Argentina,In person,Abril-Noviembre 1997,1997,Course,15,Teacher,
Práctica Visual (Diseño Gráfico por Computadora) - 8º año,Tercer ciclo EGB. Colegio Universitario Liceo Informático II,Santa Rosa,Argentina,In person,Marzo-Diciembre,1997,Course,25,Teacher,
Técnicas de Multiprogramación,Carrera de Analista de Sistemas. Colegio Universitario Liceo Informático II,Santa Rosa,Argentina,In person,Marzo-Julio,1997,Course,68,Teacher Assistant,
Utilización Pedagógica de la Informática en Escuelas Primarias,Docentes. Subsecretaria de Coordinación - Ministerio de Cultura y Educación - Prov. de La Pampa,Santa Rosa,Argentina,In person,Abril-Mayo 1997,1997,Course,35,Teacher,
Utilización Pedagógica de la Informática y Telemática en Escuelas de Nivel Medio,Docentes. Subsecretaria de Coordinación - Ministerio de Cultura y Educación - Prov. de La Pampa,Santa Rosa,Argentina,In person,Septiembre-Noviembre 1997,1997,Course,30,Teacher,
Informática 7º año,Tercer ciclo EGB. Colegio Universitario Liceo Informático II,Santa Rosa,Argentina,In person,Marzo-Diciembre,1998,Course,25,Teacher,
Informática 8º año,Tercer ciclo EGB. Colegio Universitario Liceo Informático II,Santa Rosa,Argentina,In person,Marzo-Diciembre,1998,Course,25,Teacher,
Internet en educación,4tas Jornadas sobre Informática- Educación y Sociedad,Santa Rosa,Argentina,In person,31 de Octubre y 1 de Noviembre de 1998,1998,Invited Talk,70,Speaker,
Internet y Correo Electrónico,Investigadores INTA. EEA Anguil,Anguil,Argentina,In person,septiembre 1998,1998,Course,32,Teacher,
Internet y Correo Electrónico,Investigadores INTA. EEA Anguil,Anguil,Argentina,In person,agosto 1998,1998,Course,58,Teacher,
Internet y Correo Electrónico,Investigadores INTA. EEA Anguil,Anguil,Argentina,In person,julio 1998,1998,Course,45,Teacher,
Práctica Visual (Diseño Gráfico por Computadora) - 8º año,Tercer ciclo EGB. Colegio Universitario Liceo Informático II,Santa Rosa,Argentina,In person,Marzo-Diciembre,1998,Course,25,Teacher,
Sistemas de Computación,Carrera de Analista de Sistemas. Colegio Universitario Liceo Informático II,Santa Rosa,Argentina,In person,Marzo-Julio,1998,Course,53,Teacher Assistant,
Capacitación en el uso del software de la encuesta AgroRADAR,Bolsa y Camara de Cereales de Bahia Blanca e INTA,EEA Anguil,Argentina,In person,abril 1999,1999,Course,18,Teacher,
Estimaciones agricolas con imágenes satelitales,VII Jornadas Pampeanas de Ciencias Naturales,Consejo Profesional de Ciencias Naturales de La Pampa y Facultad de Ciencias Exactas y Naturales- UNLPam,Argentina,In person,diciembre 1999,1999,Lightning talk,30,Speaker,
SIG y Teledetección,73º Exposición Rural- Comercial e Industrial de la Asociación Agrícola Ganadera de La Pampa-,Santa Rosa,Argentina,In person,septiembre de 1999,1999,Exhibition,200,Speaker,
AgroRADAR,VII Encuentro de la Asociación Panamericana De Bolsas De Productos,Buenos Aires- Argentina,Latin America,In person,15- 16 y 17 de Noviembre de 2000,2000,Invited Talk,200,Speaker,
Bases de Datos y SQL,EEA Anguil,Anguil- La Pampa,Argentina,In person,marzo 2000,2000,Course,10,Teacher,
Los números del Girasol en La Pampa,Jornada Presente y Futuro del Girasol para la región subhumeda y semiárida pampeana,Santa Rosa,Argentina,In person,1 de septiembre de 2000,2000,Invited Talk,200,Speaker,
SIG y Teledetección,74º Exposición Rural- Comercial e Industrial de la Asociación Agrícola Ganadera de La Pampa,Santa Rosa,Argentina,In person,7 y 8 de Octubre de 2000,2000,Exhibition,200,Speaker,
Sistemas de Procesamiento de Datos,Carrera Auditoria Bancaria,CENT N°1. Santa Rosa,Argentina,In person,Marzo-Diciembre 2000,2000,Course,32,Teacher,
Teledetección en el Agro,Exposición Rural de Realico,Realicó,Argentina,In person,15- 16 y 17 de Septiembre de 2000,2000,Exhibition,200,Speaker,
Manejo de la Información de AgroRADAR,Ronda de Trigo 2001,Este de La Pampa-Suroeste de Buenos Aires,Argentina,In person,12 al 16 de Noviembre de 2001,2001,Exhibition,80,Organizer,
Sistemas de Información Geográficos en el Agro,75º Exposición Rural- Comercial e Industrial de la Asociación Agrícola Ganadera de La Pampa,Santa Rosa,Argentina,In person,7 y 8 de Octubre de 2001,2001,Exhibition,200,Speaker,
Jornada de Calidad Agroalimentaria y Trazabilidad,Profesionales,EEA INTA Anguil. Anguil- La Pampa,Argentina,In person,15 de agosto de 2002,2002,Conference,70,Organizer,
Jornada de Sustentabilidad e Incertidumbre,Profesionales,EEA INTA Anguil. Anguil- La Pampa,Argentina,In person,13 de junio de 2002,2002,Conference,60,Organizer,
Manejo de la Información de AgroRADAR,Ronda de Girasol 2002,Este de La Pampa-Suroeste de Buenos Aires,Argentina,In person,26 de Febrero al 1 de Marzo 2002,2002,Exhibition,50,Organizer,
Manejo de la Información de AgroRADAR,Ronda de Trigo 2002,Este de La Pampa-Suroeste de Buenos Aires,Argentina,In person,25 al 29 de Noviembre de 2002,2002,Exhibition,100,Organizer,
Manejo de la Información de AgroRADAR,Ronda del Puerto 2002,Bahía Blanca,Argentina,In person,8 de octubre de 2002,2002,Exhibition,60,Organizer,
AgroRADAR,1º Congreso Sobre Producción de Origen Agropecuario del SE Pampeano,Necochea,Argentina,In person,28 de Enero al 4 de Febrero de 2003,2003,Invited Talk,70,Speaker,
Aspectos Tecnológicos y Productivos- Almacenaje Comercial e Integración en un SIG,Curso de Posgrado “Especialización en Siembra Directa”.,Facultad de Agronomía de la Universidad de Buenos Aires.,Latin America,In person,noviembre 2003,2003,Course,48,Teacher,
Manejo de la Información de AgroRADAR,Ronda de Trigo 2003,Este de La Pampa-Suroeste de Buenos Aires,Argentina,In person,24 al 28 de Noviembre de 2003,2003,Exhibition,80,Organizer,
Programando Microsoft SQL Server 2000,EEA Anguil,Anguil- La Pampa,Argentina,In person,24 al 28 de noviembre de 2003,2003,Course,21,Teacher,
Área Estratégica Tecnología de la Información,INTA Expone 2004,Oliveros (Santa Fé),Argentina,In person,28 al 30 de Octubre del 2004,2004,Exhibition,2000,Organizer,
Manejo de la Información de AgroRADAR,IV Ronda de trigo 2004,Este de La Pampa-Suroeste de Buenos Aires,Argentina,In person,29 de Noviembre al 3 de Diciembre del 2004,2004,Exhibition,90,Organizer,
Programación de Microsoft SQL Server 2000 con ASP.NET,Informáticos INTA,EEA Anguil,Argentina,In person,22 al 26 de Marzo 2004,2004,Course,23,Teacher,
Operación del sistema de carga y consulta de Agroprecipitaciones Web del proyecto RIAP,Profesionales de INTA,EEA Anguil,Argentina,In person,6 y 7 de Septiembre de 2005,2005,Course,7,Teacher,
Sistema de Carga y Consulta Informe Agronómico Mensual,Profesionales de INTA,EEA Anguil,Argentina,In person,2 y 3 de Noviembre de 2005,2005,Course,18,Teacher,
,IX Congreso Argentino de Meteorología. Congremet IX,Buenos Aires- Argentina,Argentina,In person,3 al 7 de octubre de 2005,2005,Lightning talk,48,Speaker,
Área Estratégica Tecnología de la Información,INTA Expone 2006,General Roca (Río Negro),Argentina,In person,10- 11 y 12 de Noviembre 2006,2006,Exhibition,2000,Organizer,
Ganadería y Sistemas Mixtos en Siembra Directa,Curso de Posgrado “Especialización en Siembra Directa”.,Facultad de Agronomía de la Universidad de Buenos Aires.,Latin America,In person,noviembre de 2006,2006,Course,56,Teacher,
Bases para la implementación de un Sistema de Información Agropecuaria en Red,Profesionales Venezolanos,La Pampa,Latin America,In person,octubre de 2007,2007,Course,26,Teacher,
Caracterización tecnológica del cultivo de Girasol,IV Congreso Argentino de Girasol. ASAGIR,Santa Rosa,Argentina,In person,mayo 2007,2007,Invited Talk,100,Speaker,
Hacia la nueva conectividad del INTA,Jornada Nacional INTA,Buenos Aires,Argentina,In person,27 y 28 de Noviembre de 2007,2007,Regular Talk,300,Speaker,
Las tecnologías de la información en la EEA INTA Anguil,Quinta semana de la ciencia y la tecnología,Liceo Informático II. Santa Rosa,Argentina,In person,8 al 15 de junio de 2007,2007,Invited Talk,35,Speaker,
Introducción a Internet y Word,EEA Anguil,Anguil- La Pampa,Argentina,In person,19 y 20 de Noviembre de 2008,2008,Course,53,Teacher,
Sistema de Información  “Informe Agronómico Mensual”,Jornadas de Informática Industrial – Agroinformática. JAIIO 2008,Santa Fé.,Argentina,In person,8 al 12 de septiembre de 2008,2008,Regular Talk,100,Speaker,https://yabellini.netlify.app/talk/2008_si_rian/
VII Congreso Nacional de Trigo. V Simposio Nacional de Cereales de Siembra de Otoño-Invernal. I encuentro del Mercosur. 2007-2008,Profesionales,INTA La Pampa- Facultad de Agronomía de la Universidad Nacional de La Pampa.,Argentina,In person,,2008,Conference,250,Organizer,
Alarmas Agropecuarias a Teléfonos Celulares,Universidad Catolica Argentina,Buenos Aires,Argentina,In person,12/08/2008,2008,Invited Talk,80,Speaker,https://yabellini.netlify.app/talk/2008_alarmas-uca/
Un Sistema de Información para el Inventario de Malezas en Girasol en la Provincia de La Pampa,Jornadas de Informática Industrial – Agroinformática. JAIIO 2008,Santa Fé.,Argentina,In person,8 al 12 de septiembre de 2008,2008,Regular Talk,100,Speaker,https://yabellini.netlify.app/talk/2008_cai_malezas/
Catálogo de Datos Georreferenciados del INTA,Jornadas de Informática Industrial – Agroinformática. JAIIO 2008,Santa Fé.,Argentina,In person,8 al 12 de septiembre de 2008,2008,Regular Talk,100,Speaker,https://yabellini.netlify.app/talk/2008_cai_geointa/
"Red de Estaciones Meteorológicas Automáticas de la Estación Experimental Agropecuaria Anguil, La Pampa",Jornadas de Informática Industrial – Agroinformática. JAIIO 2008,Santa Fé.,Argentina,In person,8 al 12 de septiembre de 2008,2008,Regular Talk,100,Speaker,https://yabellini.netlify.app/talk/2008_agromet_anguil/
Red Termopluviométrica de la Red de Información Agropecuaria Nacional (RIAN),Jornadas de Informática Industrial – Agroinformática. JAIIO 2008,Santa Fé.,Argentina,In person,8 al 12 de septiembre de 2008,2008,Regular Talk,100,Speaker,https://yabellini.netlify.app/talk/2008_agromet_rian/
Atlas Argentino de Fitopatología,I Congreso Argentino de AgroInformática,Mar del Plata (Buenos Aires),Argentina,In person,24 al 28 de Agosto de 2009,2009,Regular Talk,200,Speaker,
Bases para la implementación de un Sistema de Información Agropecuaria en Red,Profesionales Venezolanos,La Pampa,Latin America,In person,junio de 2009,2009,Course,21,Teacher,
El RADAR Meterológico de la EEA Anguil,Jornadas de actualización para profesionales sobre conservación de suelos.,EEA Anguil,Argentina,In person,01/12/2009,2009,Invited Talk,27,Speaker,
Jornada de Capacitación sobre Búsqueda en Google,INTA Central,Buenos Aires,Argentina,In person,9 de octubre de 2009,2009,Course,35,Teacher,
Sistemas de información y base de datos de uso agropecuario,Venezuela,Caracas,Venezuela,In person,2009,2009,Course,70,Teacher,
Taller Nacional “Capacitación del Atlas Fitopatológico Argentino”.,Participantes del Atlas,Córdoba,Argentina,In person,18 y 19 de Noviembre de 2009.,2009,Course,47,Teacher,
,Jornada sobre Cambio Climático y Producción Agropecuaria. ,,Argentina,In person,27 de marzo de 2009.,2009,Invited Talk,50,Speaker,
Alarmas Agropecuarias a Teléfonos Celulares,39 JAIIO- Simposio de Informática en el Estado,Buenos Aires,Latin America,In person,30 de Agosto al 3 de Septiembre de 2010,2010,Regular Talk,80,Speaker,
Información para la gestión del sistema de transferencia y extensión del INTA,39 JAIIO- Simposio de Informática en el Estado,Buenos Aires,Latin America,In person,30 de Agosto al 3 de Septiembre de 2010,2010,Regular Talk,80,Speaker,
INTRANET: herramientas de comunicación interna y gestión,EEA Anguil,Anguil- La Pampa,Argentina,In person,28 de Abritl de 2010,2010,Course,32,Teacher,
INTRANET: herramientas de comunicación interna y gestión,EEA Villa Mercedes,Villa Mercedes- San Luis,Argentina,In person,21 de abril de 2010,2010,Course,37,Teacher,
La importancia de cuantificar el recurso climático y el uso de los datos,conferencia pública por el día nacional del agua organizada por la Secretaría de Recursos Hídricos de La Pampa,Santa Rosa,Argentina,In person,31/03/2010,2010,Invited Talk,35,Speaker,
RIAN- una red que nos puede contener a todos,Jornada de trabajo de asistentes de planificación institucional,EEA INTA Anguil,Argentina,In person,noviembre 2010,2010,Regular Talk,32,Speaker,
Sistema de Información “Informe de Estado Hídrico de Suelos”,39 JAIIO- Congreso Argentino de Agro informática,Buenos Aires,Latin America,In person,30 de Agosto al 3 de Septiembre de 2010,2010,Regular Talk,200,Speaker,
Usos del RADAR Meteorológico en agricultura,Jornadas de Pronósticos Meteorológicos: conocimiento- usos y aprovechamiento.,Macachín,Argentina,In person,02/06/2010,2010,Invited Talk,100,Speaker,
Área Estratégica Tecnología de la Información,INTA Expone 2011,Marcos Juárez (Córdoba),Argentina,In person,abril 2011,2011,Exhibition,2000,Organizer,
Data Mining: el que busca encuentra,INTA Expone 2011 Región Pampeana,Córdoba,Argentina,In person,01/12/2011,2011,Podcast,2000,Speaker,https://inta.gob.ar/videos/data-mining-el-que-busca-encuentra
El uso de AgroTICs para generar las cartas agroclimáticas de la provincia de La Pampa,Congreso Argentino de Agroinformática. 40 JAIIO,,Latin America,In person,29 de Agosto al 2 de Septiembre de 2011,2011,Regular Talk,70,Speaker,
Equipos interdisciplinarios en Agroinformática,Panel Sistemas de gestión y control,Congreso de AgroInformática 2011,Latin America,In person,agosto 2011,2011,Keynote,70,Speaker,https://docs.google.com/presentation/d/1OL-u7zuH33mlE_ulPAZ8OZFws__CrHjp29HgZyTMTCk/
Manuales de campo de la RIAN para dispositivos móviles,Congreso Argentino de Agroinformática. 40 JAIIO,,Latin America,In person,29 de Agosto al 2 de Septiembre de 2011,2011,Regular Talk,70,Speaker,
Red de Información Agropecuaria Nacional,Expo Ternero 2011,General Acha- La Pampa- Argentina,Argentina,In person,octubre 2011,2011,Invited Talk,50,Speaker,
7mo Congreso Argentino de Agroinformática. 42 JAIIO.,INTA-SADIO,Córdoba.,Latin America,In person,16 al 20 de septiembre de 2013.,2013,Conference,200,Organizer,
Área Estratégica Tecnología de la Información,INTA Expone 2013,Patagonia Sur-Trelew (Chubut),Argentina,In person,4 al 6 de Octubre de 2013,2013,Exhibition,2000,Organizer,
Funcionamiento del RADAR Meteorológico de la EEA Anguil.,Alumnos del colegio Secundario Liceo Informático II en visita a la EEA Anguil.,EEA Anguil,Argentina,In person,octubre de 2013.,2013,Regular Talk,18,Speaker,
Identificación de sistemas productivos preponderantes en una zona de la provincia de la pampa utilizando técnicas de datamining,Congreso Argentino de Agroinformática. 42 JAIIO,Córdoba,Latin America,In person,16 al 20 de Septiembre de 2013,2013,Regular Talk,20,Speaker,
INTA- SIG,Exposición Rural- Comercial e Industrial de la Asociación Agrícola Ganadera de La Pampa,Santa Rosa,Argentina,In person,Octubre,2013,Exhibition,200,Speaker,
VI Congreso Nacional- III del Mercosur y II Jornada Técnica de Productores sobre Manejo de Pastizales Naturales.2013. La Pampa.,Profesionales,INTA,Latin America,In person,La Pampa 2013,2013,Conference,200,Organizer,
AgroTICs,Consejo Regional La Pampa San Luis,"Anguil, La Pampa",Argentina,In person,agosto 2013,2013,Invited Talk,25,Speaker,
1ra conferencia y coloquio Gestión y uso de grandes datos aplicados al sector agropecuario y al manejo de los recursos naturales,INTA y Universidad Nacional de La Pampa,Santa Rosa,Argentina,In person,Santa Rosa- La Pampa - 3/12/2014,2014,Conference,38,Organizer,
INTA. AgroTICs,Exposición Rural- Comercial e Industrial de la Asociación Agrícola Ganadera de La Pampa,Santa Rosa,Argentina,In person,Octubre,2014,Exhibition,200,Speaker,
Las nuevas tecnologías de la información y comunicación (NTICs): un puente para describir nuevos mundos.,Jornada: Editoriales Puertas Abiertas. Vieja Usina,Santa Rosa,Argentina,In person,16 de junio de 2014.,2014,Invited Talk,45,Speaker,https://youtu.be/uSRQR4TistA
Sistema de Información del Seguimiento Semanal de los Sistemas de Producción,6º Congreso Argentino de AgroInformática,43 JAIIO,Latin America,In person,01/09/2014,2014,Regular Talk,80,Speaker,
,,Universidad de Palermo- Buenos Aires- Argentina,Argentina,In person,1 al 5 de Septiembre de 2014,2014,Regular Talk,70,Speaker,
16º Argentine Symposium on Artificial Intelligence. Argentina Expositora.,ASAE-JAIIO,Rosario- Santa Fe- Argentina.,Latin America,In person,31 de agosto de 2015.,2015,Regular Talk,100,Speaker,
2da conferencia y coloquio Gestión y uso de grandes datos aplicados al sector agropecuario y al manejo de los recursos naturales,INTA y Universidad Nacional de La Pampa,Santa Rosa,Argentina,In person,Santa Rosa- La Pampa - 3/10/2015,2015,Conference,43,Organizer,
9º Simposio Argentino de Informática en el Estado. Expositora.,SADIO,Rosario- Santa Fe- Argentina.,Latin America,In person,2-3 y 4 de Septiembre de 2015,2015,Regular Talk,100,Speaker,
AGRANDA Primer simposio argentino de grandes datos. Expositora.,SADIO,Rosario- Santa Fe- Argentina.,Latin America,In person,1 y 2 de Septiembre de 2015.,2015,Regular Talk,100,Speaker,
Uso del radar meteorológico y Data Mining para la clasificación de granizo,Compañías de Seguro Agricolas,Rosario- Santa Fe,Latin America,In person,11 de junio de 2015.,2015,Regular Talk,12,Speaker,
Clasificación de granizo en superficie usando técnicas de minería de datos y datos de radar meteorológico.,ASAI 2015,44 JAIIO,Latin America,In person,03/09/2015,2015,Regular Talk,50,Speaker,
Espacios de colaboración: la nueva Intranet de INTA,EEA Anguil,Anguil,Argentina,In person,16 de septiembre de 2015,2015,Course,30,Teacher,
El valor del acceso al conocimiento digitalizado en la toma de decisiones,,Anguil,Argentina,In person,19/08/2015,2015,Panel,35,Organizer,https://inta.gob.ar/noticias/seminario-interno-el-valor-del-acceso-al-conocimiento-digitalizado-en-la-toma-de-decisiones
GeoINTA: la infraestructura de datos espaciales del INTA,Santa Rosa,,Argentina,In person,11 y 12 de Diciembre 2015,2015,Regular Talk,67,Speaker,
Hacia una Arquitectura de Procesamiento de Datos del RADAR Meteorológico de INTA Anguil.,SIE 2015 - 9º Simposio de Informática en el Estado,44 JAIIO,Latin America,In person,04/09/2015,2015,Regular Talk,60,Speaker,
INTA. AgroTICs,Exposición Rural- Comercial e Industrial de la Asociación Agrícola Ganadera de La Pampa,Santa Rosa,Argentina,In person,Octubre,2015,Exhibition,200,Speaker,
Síntesis de una Arquitectura de Procesamiento de Datos del RADAR Meteorológico de INTA Anguil.,AGRANDA 2015,44 JAIIO,Latin America,In person,02/09/2015,2015,Lightning talk,30,Speaker,
,CONGREMET,Mar del Plata,Latin America,In person,26 al 29 de Mayo de 2015,2015,Lightning talk,50,Speaker,
8vo Congreso Argentino de AgroInformática. 43 JAIIO,SADIO-INTA,Buenos Aires,Latin America,In person,5 y 6 de Septiembre de 2016,2016,Conference,200,Chair,
Introducción a la gestión de contenidos del sitio web de INTA,EEA Anguil,Anguil- La Pampa,Argentina,In person,abril 2016,2016,Course,15,Teacher,
Introducción al Uso y Administración de espacios de colaboración de INTA,EEA Anguil,Anguil- La Pampa,Argentina,In person,Junio a Agosto de 2016.,2016,Course,35,Teacher,
Turismo y Redes Sociales,Grupos de Cambio Rural sobre Turismo Rural y autoridades provinciales de la Dirección de Turismo de La Pampa.,Santa Rosa- La Pampa,Argentina,In person,2016,2016,Course,13,Teacher,
El uso de geotecnologías para el manejo de información agropecuaria,,Santa Rosa- La Pampa.,Argentina,In person,17 y 18/11/2016,2016,Keynote,100,Speaker,
GeoINTA: aprovechando los mapas del INTA en Internet.,,Santa Rosa,Argentina,In person,19/04/2016,2016,Podcast,1000,Speaker,https://inta.gob.ar/audios/yanina-bellini-geointa-aprovechando-los-mapas-del-inta-en-internet
GeoINTA: compartiendo datos por medio de la Infraestructura de Datos Espaciales del INTA,10° Simposio de Informática en el Estado - SIE,Buenos Aires- Argentina.,Latin America,In person,7 al 9 de Septiembre de 2016.,2016,Regular Talk,70,Speaker,
INTA. Radar Meteorologico,Exposición Rural- Comercial e Industrial de la Asociación Agrícola Ganadera de La Pampa,Santa Rosa,Argentina,In person,Octubre,2016,Exhibition,200,Speaker,
La industria espacial al servicio del agro,,Santa Rosa,Argentina,In person,10/11/2016,2016,Podcast,1000,Speaker,https://inta.gob.ar/audios/la-industria-espacial-al-servicio-del-agro
La tarea del INTA en La Pampa,Facultad de Ciencias Humanas. Universidad Nacional de La Pampa,Santa Rosa,Argentina,In person,9 de noviembre de 2016.,2016,Invited Talk,18,Speaker,
Propuesta para una Infraestructura de Datos Agropecuarios del Instituto Nacional de Tecnología Agropecuaria (INTA),AGRANDA Segundo simposio argentino de grandes datos. ,Buenos Aires- Argentina.,Latin America,In person,6 y 7 de Septiembre de 2016.,2016,Lightning talk,60,Speaker,
Radar Meteorológico,Radio con Voz/s,Santa Rosa,Argentina,In person,17/05/2016,2016,Podcast,500,Speaker,https://inta.gob.ar/audios/radar-meteorologico
Sistema de Información y base de datos para el inventario de recursos naturales de La Pampa,10º Simposio Argentino de Informática en el Estado.,Buenos Aires- Argentina.,Latin America,In person,7 al 9 de Septiembre de 2016.,2016,Regular Talk,70,Speaker,
Radar Meteorologico de INTA,De Frente al Campo,Santa Rosa,Argentina,In person,04/06/2016,2016,Podcast,2000,Speaker,https://youtu.be/WA9jZdrNqOs?si=ooZtlzZo7tmeDDE1
9vo Congreso Argentino de AgroInformática. 44 JAIIO,SADIO-INTA.-UNC. Córdoba,Córdoba,Latin America,In person,7 y 8 de Septiembre de 2017,2017,Conference,200,Chair,
Agro geotecnologías: sobre estrellas y semillas,INTA-LANIC,San Luis- Argentina,Latin America,In person,05/12/2017,2017,Keynote,200,Speaker,https://yabellini.netlify.app/talk/2017_nic_latam/
Agroinformática- el uso de la ciencia de los datos aplicada al sector agro para adquirir un mayor conocimiento,,Santa Rosa,Argentina,In person,29/06/2017,2017,Podcast,100,Speaker,https://inta.gob.ar/audios/entrevista-a-lic-en-sistemas-de-informacion-yanina-bellini-investigadora-de-estacion-experimental-de-inta-anguil-agroinformatica-el-uso-de-la-ciencia-de-los-datos-aplicada-al-sector-agro-para
Caracterización de sistemas productivos pampeanos,EEA Anguil. Cambio Rural.,Anguil-Santa Rosa-Toay,Argentina,In person,02/06/2017,2017,Regular Talk,9,Speaker,https://inta.gob.ar/noticias/caracterizacion-de-sistemas-productivos-pampeanos
AgroMinería de Datos,Instituto Tecnológico de Educación Superior,Santa Rosa,Argentina,In person,22 de junio de 2017,2017,Invited Talk,26,Speaker,https://yabellini.netlify.app/talk/2017_ites_agromineria/
AgroTICs: llevando la informática al campo,Liceo Informático II,Santa Rosa,Argentina,In person,15 de mayo de 2017.,2017,Invited Talk,17,Speaker,https://yabellini.netlify.app/talk/2017_liceo/
Herramienta de limpieza de datos: OpenRefine,Liceo Informático II,Santa Rosa,Argentina,In person,28 de julio de 2017.,2017,Invited Talk,6,Speaker,
R-Ladies Santa Rosa,Liceo Informático II,Santa Rosa,Argentina,In person,22 de junio de 2017.,2017,Invited Talk,26,Speaker,
Registro de propiedad intelectual de software,Reunión PROFEDER Contratistas Rurales.,EEA Anguil.,Argentina,In person,30 de noviembre de 2017,2017,Regular Talk,7,Speaker,https://yabellini.netlify.app/talk/2017_profeder/
Serie de Charlas Técnicas: AgroTICs,Instituto de Formación Técnica y Docente de Trenque Lauquen. Tecnicatura en Producción Agricola-Ganadera,Anguil- La Pampa,Argentina,In person,03 de noviembre de 2017,2017,Regular Talk,15,Speaker,
Serie de Charlas Técnicas: GeoINTA y GeoTecnologías en la nube,,Santa Rosa,Argentina,In person,20 de octubre de 2017.,2017,Invited Talk,21,Speaker,
Clasificación de Sistemas Productivos Preponderantes utilizando técnicas de agrupamiento para la estimación de emisiones de Gases de Efecto Invernadero,CAI - 9º Congreso de AgroInformática (JAIIO),46 JAIIO,Latin America,In person,04/09/2017,2017,Regular Talk,60,Speaker,
Introducción al Uso y Administración de espacios de colaboración de INTA,EEA Anguil,Anguil- La Pampa,Argentina,In person,Octubre a Noviembre de 2017,2017,Course,23,Teacher,
Base de Datos Relacionales para sistemas agropecuarios,EEA INTA Anguil,Anguil- La Pampa,Argentina,In person,16/06/2017 al 30/11/2017,2017,Course,9,Teacher,
Curso de capacitación interno sobre uso de web y espacios de colaboración.,EEA INTA Anguil,General Pico- La Pampa,Argentina,In person,27/11/2017,2017,Course,12,Teacher,
Manejo de datos con herramientas libre,INTA - Universidad Nacional de La Pampa (UNLPam),Santa Rosa- La Pampa,Argentina,In person,marzo 2017,2017,Course,28,Teacher,
Manejo de datos con herramientas libre,INTA - Universidad Nacional de La Pampa (UNLPam),Santa Rosa- La Pampa,Argentina,In person,septiembre 2017,2017,Course,26,Teacher,
Manejo de datos con herramientas libre,INTA - Universidad Nacional de La Pampa (UNLPam),Santa Rosa- La Pampa,Argentina,In person,octubre 2017,2017,Course,23,Teacher,
AgroDatos abiertos en INTA,Clubes de Innovación,Municipalidad de Trenque Lauquen,Argentina,In person,26-10-2017,2017,Keynote,60,Speaker,https://yabellini.netlify.app/talk/2017_clubinnovacion/
Hacia una Guía Digital Móvil para la identificación y manejo sustentable de los pastizales naturales,CAI - 9º Congreso de AgroInformática (JAIIO),46 JAIIO,Latin America,In person,05/09/2017,2017,Regular Talk,60,Speaker,
Herramientas para el manejo de datos agropecuarios. Base de Datos Relacionales para sistemas agropecuarios,Liceo Informatico II. INTA,Santa Rosa y Anguil,Argentina,In person,16/06/2017 al 30/11/2017,2017,Course,15,Teacher,
Herramientas para el manejo de datos agropecuarios. Google Earth,Liceo Informatico II. INTA,Santa Rosa,Argentina,In person,18/08/2017,2017,Course,15,Teacher,
Herramientas para el manejo de datos agropecuarios. Google Sheets,Liceo Informatico II. INTA,Santa Rosa,Argentina,In person,Septiembre,2017,Course,15,Teacher,
Herramientas para el manejo de datos agropecuarios. OpenRefine,Liceo Informatico II. INTA,Santa Rosa,Argentina,In person,11/08/2017,2017,Course,15,Teacher,
Herramientas para el manejo de datos agropecuarios. Sistemas de información de INTA,Liceo Informatico II. INTA,Santa Rosa,Argentina,In person,25/08/2017,2017,Course,15,Teacher,
Herramientas para el manejo de datos agropecuarios. Tableau.,Liceo Informatico II. INTA,Santa Rosa,Argentina,In person,04/08/2017,2017,Course,15,Teacher,
INTA. Radar Meteorologico,Exposición Rural- Comercial e Industrial de la Asociación Agrícola Ganadera de La Pampa,Santa Rosa,Argentina,In person,Octubre,2017,Exhibition,200,Speaker,
R-Ladies Santa Rosa,Radio Noticias,Santa Rosa,Argentina,In person,20/04/2017,2017,Podcast,1000,Speaker,https://yabellini.netlify.app/talk/2017_elfaro_rladies/
R-Ladies: Agroinformática y el rol de la mujer,CAI - 9º Congreso de AgroInformática (JAIIO),46 JAIIO,Latin America,In person,05/09/2017,2017,Keynote,60,Speaker,https://yabellini.netlify.app/talk/2017_cai_clei/
Resultados Convenio Comisiones de Estudio,Reuniones PRETs y Coordinadores de Área,"Anguil, La Pampa",Argentina,In person,24/11/2017,2017,Invited Talk,30,Speaker,https://yabellini.netlify.app/talk/2017_comisionestudios/
"R-Ladies Santa Rosa, ¿porqué y para qué?",Instituto Tecnológico de Educación Superior,"Santa Rosa, La Pampa",Argentina,In person,22/06/2017,2017,Invited Talk,35,Speaker,https://yabellini.netlify.app/talk/2017_ites_rladies/
¿Cómo profundizar la convergencia entre Internet y producción,Seminario web “Internet y producción: hacia la convergencia en el agro”.,San Luis,Latin America,In person,17 de mayo de 2018.,2018,Panel,200,Speaker,https://inta.gob.ar/eventos/internet-y-produccion-hacia-la-convergencia-en-el-agro
1 LatinR <- Conferencia Latinoamericana de R en Investigación y Desarrollo,47 JAIIO,Universidad de Palermo. Buenos Aires,Latin America,In person,3 al 5 de Septiembre de 2018,2018,Conference,200,Organizer,https://47jaiio.sadio.org.ar/index.php?q=node/125
10vo Congreso Argentino de AgroInformática. 45 JAIIO,INTA-SADIO.,Buenos Aires,Latin America,In person,septiembre de 2018,2018,Conference,300,Chair,
Análisis de clustering en una región de La Pampa para clasificar sistemas ganaderos preponderantes y estimar emisiones de gases de efecto invernadero,CAI 2018 - Congreso Argentino de AgroInformática,,Latin America,In person,05/09/2018,2018,Regular Talk,1000,Speaker,
Cambio climático,INTA Anguil. Radio Nacional. INTA con Vos/z,Santa Rosa,Argentina,In person,05/07/2018,2018,Podcast,1000,Speaker,https://inta.gob.ar/audios/entrevista-a-la-ing-rrnn-anabella-lozza-y-a-la-lic-yanina-bellini-cambio-climatico
GeoINTA y Geotecnologías en la nube.,Visita Alumnos Colegio secundario Enrique Stieben de Anguil. EEA Anguil.,Anguil- La Pampa,Argentina,In person,miércoles 6 de junio de 2018,2018,Regular Talk,35,Speaker,
Congreso Argentino de Agroinformática: Un análisis bibliometrico,CAI 2018 - Congreso Argentino de AgroInformática,47 JAIIO,Latin America,In person,06/09/2018,2018,Regular Talk,200,Speaker,
Congreso de Agroinformática 2018,INTA Anguil. Radio Nacional. INTA con Vos/z,Santa Rosa,Argentina,In person,13/09/2018,2018,Podcast,1000,Speaker,https://inta.gob.ar/audios/entrevista-a-la-lic-yanina-bellini-saibene-congreso-de-agroinformatica-2018
Manejo de datos con herramientas libre,INTA - Universidad Nacional de La Pampa (UNLPam),Santa Rosa- La Pampa,Argentina,In person,03/07/2018,2018,Course,50,Teacher,
Evaluación del desempeño de productos satelitales para estimar precipitación en Córdoba (Argentina),CAI 2018 - Congreso Argentino de AgroInformática,47 JAIIO,Latin America,In person,05/09/2018,2018,Regular Talk,,Speaker,
La comunidad del lenguaje R en Santa Rosa,R-Ladies Santa Rosa y PampaSeg,Prado Español- Santa Rosa,Latin America,In person,23/11/2018,2018,Invited Talk,,Speaker,
Monitoreo móvil del programa ProHuerta en La Pampa,CAI 2018 - Congreso Argentino de AgroInformática,47 JAIIO,Latin America,In person,05/09/2018,2018,Regular Talk,,Speaker,
Primer Workshop Inundaciones y geotecnologías aplicadas: interinstitucionalidad y compromiso social,UNLPam-INTA,Santa Rosa,Argentina,In person,28 y 29 de Agosto de 2018,2018,Conference,,Organizer,https://inta.gob.ar/eventos/primer-workshop-inundaciones-y-geotecnologias-aplicadas-interinstitucionalidad-y-compromiso-social
Relevamiento de la Agricultura Periurbana en una microregión de La Pampa,CAI 2018 - Congreso Argentino de AgroInformática,47 JAIIO,Latin America,In person,06/09/2018,2018,Regular Talk,,Speaker,
Seminario Charlando sobre brecha de género en STEM: AgroInformática y R-Ladies.,EEA Anguil.,Anguil- La Pampa,Argentina,In person,19 de abril de 2018.,2018,Regular Talk,,Speaker,
Setup R Day,R-Ladies Santa Rosa,INTA Santa Rosa,Argentina,In person,26/02/2018,2018,Course,,Teacher,
Tendências de pesquisa em Agroinformática na Argentina: uma análise histórica ,CAI 2018 - Congreso Argentino de AgroInformática,47 JAIIO,Latin America,In person,06/09/2018,2018,Regular Talk,,Speaker,
20 años de desarrollo AgTech en la EEA Anguil,Consejo Regional La Pampa San Luis,"victorica, La Pampa",Argentina,In person,agosto de 2018,2018,Invited Talk,25,Speaker,
Mirando la producción de los Proyectos Regionales con Enfoque Territorial (PRETs) EEA Anguil,Consejo Regional La Pampa San Luis,"Anguil, La Pampa",Argentina,In person,26/12/2018,2018,Invited Talk,30,Speaker,
10 años de la Red de Radares,INTA Anguil. Radio Nacional. INTA con Vos/z,Santa Rosa,Argentina,In person,08/08/2019,2019,Podcast,1000,Speaker,https://inta.gob.ar/audios/entrevista-a-la-ing-agr-laura-belmonte-y-la-lic-yanina-bellini-saibene-10-anos-de-la-red-de-radares
10 años del radar de Anguil.,EEA Anguil. Alumnos del colegio secundario de Anguil.,Anguil,Argentina,In person,11/10/2019,2019,Regular Talk,35,Speaker,
11vo Congreso Argentino de AgroInformática. 46 JAIIO,INTA-SADIO.,Salta,Argentina,In person,septiembre 2019,2019,Conference,300,Chair,
2 LatinR <- Conferencia Latinoamericana de R en Investigación y Desarrollo,R-Ladies- RConsortium- RFoundation,Santiago de Chile,Chile,In person,,2019,Conference,200,Organizer,
Análise das Tendências de pesquisa no Congresso de Agroinformática da Argentina: um estudo regional,11º Congreso Argentino de AgroInformática (CAI-2019),Salta,Argentina,In person,2019,2019,Regular Talk,50,Speaker,
Aplicaciones de Ciencia de Datos.,Seminario de aplicación. UADE.,Online,Argentina,Online,04/11/2019,2019,Invited Talk,,Speaker,
Becas de diversidad rstudio::conf 2020. Te ayudamos a presentar tu postulación!,R-Ladies Santa Rosa,Prado Español- Santa Rosa,Latin America,In person,Friday- September 13- 2019,2019,Course,,Organizer,
Ciencia de Datos aplicada al Agro.,Jornada Trabajos de Sistemas. Colegio Universitario Liceo Informático II. EEA Anguil,Anguil- La Pampa,Argentina,In person,15/11/2019,2019,Regular Talk,,Speaker,
Ciencia de Datos aplicada al Agro.,INTA Anguil. Radio Nacional. INTA con Vos/z,Santa Rosa,Argentina,In person,11/04/2019,2019,Podcast,,Speaker,https://inta.gob.ar/audios/entrevista-a-la-lic-yanina-bellini-ciencia-de-datos-aplicada-al-agro
Ciencia de Datos con el Radar Meteorológico,AMUCAN,Santa Rosa,Argentina,In person,24/08/2019,2019,Podcast,,Speaker,
Conjunto de datos de imágenes etiquetadas para el desarrollo de aplicaciones de reconocimiento de patrones en el cultivo de girasol,11º Congreso Argentino de AgroInformática (CAI-2019),Salta,Latin America,In person,2019,2019,Regular Talk,50,Speaker,
Conjunto de datos de resultados de la Red Nacional de Cultivares de Girasol de INTA,11º Congreso Argentino de AgroInformática (CAI-2019),Salta,Latin America,In person,2019,2019,Regular Talk,50,Speaker,
Google Earth Engine desde Cero,Universidad Nacional de Salta,Salta,Latin America,In person,17/09/2019,2019,Course,,Teacher,
Curso R desde Cero.,INTA. R-Ladies Santa Rosa.,Prado Español- Santa Rosa,Argentina,In person,7 asl 28 de Mayo de 2019,2019,Course,,Teacher,
Curso R desde Cero.,Universidad Nacional de Salta.,Salta,Latin America,In person,17/09/2019,2019,Course,,Teacher,
Exploración de Datos,Fundación Banco de La Pampa,Fundación Banco de La Pampa,Argentina,In person,Octubre-Noviembre,2019,Course,15,Teacher,
Exploración de Datos,Fundación Banco de La Pampa,Fundación Banco de La Pampa,Argentina,In person,Octubre-Noviembre,2019,Course,12,Teacher,
Desarrollo AgTech con Ciencia de Datos,Taller Argentino de Computación Científica (TAC²).,Universidad Nacional de San Luis (UNSL).,Latin America,In person,5/12/2019,2019,Keynote,80,Speaker,
Evaluación del desempeño de productos satelitales para estimar evapotranspiración en la región pampeana (Argentina),11º Congreso Argentino de AgroInformática (CAI-2019),Salta,Latin America,In person,2019,2019,Regular Talk,50,Speaker,
Geotecnologías en la era del Big Data.,2019GISDay,UNLPam. Instituto de Geografía.,Argentina,In person,13/11/2019,2019,Keynote,200,Speaker,
Geotecnologías en la Nube,Universidad Nacional de La Pampa. Carrera de Geografía,Santa Rosa,Argentina,In person,30/10/2019,2019,Invited Talk,,Speaker,
Modeling with H2O with R,LatinR 2019,Santiago de Chile,Chile,In person,2019,2019,Course,30,Teacher Assistant,
Panel comunidades de práctica: R-Ladies,LatinR 2019,Santiago de Chile,Chile,In person,25/09/2019,2019,Panel,,Speaker,
Quién es Quién en la Agroinformática Argentina,11º Congreso Argentino de AgroInformática (CAI-2019),Salta,Latin America,In person,2019,2019,Regular Talk,50,Speaker,
R para análisis científicos reproducibles ,INTA Castelar,Castelar- Buenos Aires- Argentina,Argentina,In person,06/08/2019,2019,Course,84,Teacher,
Radar Meteorológico: uso e interpretación de su información y productos,UNLPam-INTA,Facultad de Agromia de la UNLPam,Argentina,In person,14/08/2019,2019,Course,,Teacher,https://inta.gob.ar/eventos/radar-meteorologico-uso-e-interpretacion-de-su-informacion-y-productos
RMarkdown: generando reportes automáticos con R,11° PampaSeg. Santa Rosa- La Pampa.,Santa Rosa- La Pampa,Latin America,In person,14/12/2019,2019,Course,,Teacher,
Técnicas de Análisis de Redes Sociales para estudiar la colaboración científica,Seminarios INTA Anguil,Anguil,Argentina,In person,04/06/2019,2019,Invited Talk,,Speaker,https://inta.gob.ar/noticias/seminario-inta-anguil-tecnicas-de-analisis-de-redes-sociales-para-estudiar-la-colaboracion-cientifica
Ciencia de Datos aplicada al Agro.,De Fernte Al Campo,Santa Rosa,Argentina,In person,03/05/2019,2019,Podcast,2000,Speaker,https://youtu.be/X9L8PsDwod4?si=WZ1m2Uu_sLgiGlFp
¡Cierre del año y Tidymodels!,R-Ladies Argentina,,Argentina,Online,2020,2020,Course,40,Organizer,
12vo Congreso Argentino de AgroInformática. 47 JAIIO,INTA-SADIO.,,Latin America,Online,octubre de 2020,2020,Conference,1000,Chair,
3 LatinR <- Conferencia Latinoamericana de R en Investigación y Desarrollo,Profesionales,,Latin America,Online,Online,2020,Conference,1000,Chair,
49 Jornadas Argentinas de Informática.,SADIO – FIUBA,,Latin America,Online,Online,2020,Conference,1000,Chair,
Ciencia de Datos aplicada al Agro.,Clase invitada a la cátedra de AgroTICs de Ingeniería Agronómica. UN de Río Negro.,Rio Negro,Argentina,Online,22/04/2020,2020,Invited Talk,30,Speaker,
Ciencia de Datos aplicada al sector agropecuario.,Diplomatura Universitaria en Inteligencia Artificial. UNICEN.,Tandil,Argentina,Online,17/11/2020,2020,Invited Talk,65,Speaker,
Ciencia de Datos aplicadas al sector agropecuario.,Ciclo de Charlas de R-Ladies La Paz. Bolivia-,La Paz,Bolivia,Online,04/06/2020,2020,Invited Talk,35,Speaker,
Ciencias de Datos en el sector agropecuario.,Seminario de matemática aplicada. FAMAF (UNC).,Cordoba,Argentina,Online,14/09/2020,2020,Invited Talk,60,Speaker,
Como organizar un evento virtual inolvidable (y no morir en el intento).,R-Ladies Global  para el mundo hispanohablante (Se organiza con Argentina- Chile- Perú- Bolivia- España y Ecuador).,,Global,Online,01/07/2020,2020,Course,200,Teacher,
Comunicando con posters,Proyecto Internacional de la Alfabetización Estadística,,Bolivia,Online,12/12/2020,2020,Invited Talk,150,Speaker,
Comunidades de práctica en América Latina: R y Colegas.,useR! 2020,,Global,Online,11/07/2020,2020,Invited Talk,200,Speaker,
Comunidades de práctica para I+D y T+E: R y colegas. Seminario,Plataforma de Asistencia Estadística del INTA.,,Argentina,Online,23/10/2020,2020,Invited Talk,80,Speaker,
Cosechando Datos: el manejo de la información digital.,Webinario Agricultura de Precisión: “El INTA y la Agricultura Digital”.,,Argentina,Online,22/09/2020,2020,Invited Talk,1000,Speaker,
Introducción al ABC para enseñar Online,MetaDocencia,,Argentina,Online,29/05/2020,2020,Course,20,Teacher,
Introducción al ABC para enseñar Online,MetaDocencia,,Argentina,Online,16/05/2020,2020,Course,21,Teacher,
Introducción al ABC para enseñar Online,MetaDocencia,,Argentina,Online,09/05/2020,2020,Course,23,Teacher,
Introducción al ABC para enseñar Online,MetaDocencia,,Argentina,Online,02/05/2020,2020,Course,26,Teacher,
Introducción al ABC para enseñar Online,MetaDocencia,,Argentina,Online,25/04/2020,2020,Course,21,Teacher,
Introducción al ABC para enseñar Online,MetaDocencia/INTA,,Argentina,Online,18/04/2020,2020,Course,18,Teacher,
Introducción al ABC para enseñar Online,MetaDocencia,,Argentina,Online,14/04/2020,2020,Course,17,Teacher,
Introducción al ABC para enseñar Online,MetaDocencia,,Argentina,Online,11/04/2020,2020,Course,20,Teacher,
Introducción al ABC para enseñar Online,MetaDocencia,,Argentina,Online,04/04/2020,2020,Course,21,Teacher,
Introducción al ABC para enseñar Online,MetaDocencia,,Argentina,Online,03/04/2020,2020,Course,25,Teacher,
Introducción al ABC para enseñar Online,MetaDocencia,,Argentina,Online,28/03/2020,2020,Course,20,Teacher,
Curso RADAR Meteorológico.,INTA,,Argentina,Online,22/05/2020,2020,Course,25,Teacher,
Generando tutoriales interactivos con el paquete learnr.,Conferencia LatinR,,Latin America,Online,3/10/2020,2020,Course,28,Teacher,
Introducción al ABC para enseñar Online,Conferencia LatinR,,Latin America,Online,02/10/2020,2020,Course,17,Teacher,
Datos Masivos en el sector Agropecuario,Diploma en nuevas tecnologías en el agro. Universidad de la Empresa (Uruguay),,Latin America,Online,junio 2020,2020,Course,18,Teacher,
Datos Masivos en Politicas Publicas,Diplomatura en Ciencia de Datos aplicadas a politicas públicas,,Argentina,Online,,2020,Course,25,Teacher,
Geotecnologías para el monitoreo y cuantificación de inundaciones.,Hidrología Pampeana Aplicada,,Argentina,Online,28/04/2020,2020,Invited Talk,60,Speaker,
Hacia una red de práctica sobre comunidades de práctica.,Noviembre HD. Asociación Argentina de Humanidades Digitales.,,Argentina,Online,12/11/2020,2020,Panel,100,Speaker,
Intro al ABC para dar clases (y hacer otras cosas Online).,Red INTA Joven,,Argentina,Online,24/07/2020,2020,Course,21,Teacher,
Intro al ABC para dar clases (y hacer otras cosas Online).,Red INTA Joven y MetaDocencia,,Argentina,Online,20/07/2020,2020,Course,18,Teacher,
Intro al ABC para dar clases (y hacer otras cosas Online).,Red INTA Joven y MetaDocencia,,Argentina,Online,18/07/2020,2020,Course,23,Teacher,
Intro al ABC para dar clases (y hacer otras cosas) Online,INTA Anguil,,Argentina,Online,30/07/2020,2020,Course,15,Teacher,https://yabellini.netlify.app/courses/introalabc_corto/
Intro al ABC para dar clases (y hacer otras cosas) Online,INTA San Luis,,Argentina,Online,28/07/2020,2020,Course,16,Teacher,https://yabellini.netlify.app/courses/introalabc_corto/
Intro al ABC para dar clases (y hacer otras cosas) Online,Centro Regional La Pampa/San Luis INTA,,Argentina,Online,23/07/2020,2020,Course,14,Teacher,https://yabellini.netlify.app/courses/introalabc_corto/
Intro al ABC para dar clases (y hacer otras cosas) Online,Agencias de Extensión INTA Anguil,,Argentina,Online,21/07/2020,2020,Course,21,Teacher,https://yabellini.netlify.app/courses/introalabc_corto/
Intro al ABC para dar clases (y hacer otras cosas) Online,Agencias de Extensión INTA Villa Mercedes,,Argentina,Online,16/07/2020,2020,Course,13,Teacher,https://yabellini.netlify.app/courses/introalabc_corto/
Intro al ABC para dar clases (y hacer otras cosas) Online,Area de Administración y Apoyo Técnico de Anguil INTA,,Argentina,Online,14/07/2020,2020,Course,15,Teacher,https://yabellini.netlify.app/courses/introalabc_corto/
Intro al ABC para dar clases (y hacer otras cosas) Online,Area de Administración y Apoyo Técnico de Villa Mercedes INTA,,Argentina,Online,07/07/2020,2020,Course,23,Teacher,https://yabellini.netlify.app/courses/introalabc_corto/
Introducción a Git (control de versiones) y como usarlo con R y RStudio.,R-Ladies,,Argentina,Online,18/05/2020,2020,Course,60,Teacher,
Los datos lo cambian todo: Big Data- sensores remotos e inteligencia artificial.,Congreso Maizar 4.0,,Argentina,Online,30/06/2020,2020,Panel,1000,Speaker,
Mujeres en STEAM. ¿Quién es Yanina Bellini Saibene?,Las de Sistemas,,Argentina,Online,26/06/2020,2020,Podcast,200,Speaker,
Panel: Supporting Diversity in the R Community,useR! 2020,,Global,Online,17/07/2020,2020,Panel,100,Speaker,
Practicas efectivas para realizar eventos Online.,Comunidades de transferencia y extensión tecnológica en España.,,España,Online,07/09/2020,2020,Panel,25,Speaker,
Predictive modeling with text using tidy data principles.,Tutorial useR! 2020-R-Ladies,,Global,Online,2020,2020,Course,80,Organizer,
Presentación de la Plataforma de Asistencia Estadística de INTA.,INTA,,Argentina,Online,18/11/2020,2020,Panel,100,Organizer,
R-Ladies Global- a worldwide organisation to promote gender diversity in the R community,EGU General Assembly 2020 was held Online.,,Global,Online,08/05/2020,2020,Regular Talk,25,Speaker,
Radar Meteorológico: uso e interpretación de su información.,XVIII Reunión Argentina y IX Latinoamericana de Agrometeorología 2020,,Argentina,Online,23/11/2020,2020,Course,20,Teacher,
RStudio Certification Panel.,MiR Community- Saint Luis- USA.,,Global,Online,12/06/2020,2020,Panel,60,Speaker,
Segunda edición del curso de radar meteorológico.,Para personal de INTA y profesionales del sector agropecuario de la zona del CERBAN,,Argentina,Online,03/07/2020,2020,Course,18,Teacher,
Seminario online: Uso y análisis de imágenes satelitales en el Agro,Día Internacional de la Juventud. Capacitación a jóvenes rurales. INTA,,Argentina,Online,11/11/2020,2020,Course,40,Teacher,
Text Mining o minería de textos.,Ciclo de capacitación del PE Prospectiva y Observatorios Tecnológico. INTA,,Argentina,Online,25/09/2020,2020,Invited Talk,60,Speaker,
useR! 2020. The R Global Conference.,RFoundation,,Global,Online,2020,2020,Conference,2000,Organizer,
Visualización ,Diplomatura en Ciencia de Datos aplicadas a politicas públicas,UNAB,Argentina,Online,,2020,Course,25,Teacher,
Webinar: Procesando datos espaciales con R.,Desafios AgTech.,,Latin America,Online,3/11/2020,2020,Course,100,Teacher,
Aplicaciones de Big Data en el Agro.,Universidad de la Empresa. Uruguay. Diplomatura en AgTech.,,Latin America,Online,9 y 10 de Octubre 2020.,2020,Course,20,Teacher,
{agromet}: un paquete en R para el análisis de datos meteorológicos,Congreso Argentino de AgroInformática (JAIIO),,Latin America,Online,2021,2021,Regular Talk,200,Speaker,
13vo Congreso Argentino de AgroInformática. ,SADIO,,Latin America,Online,octubre de 2021,2021,Conference,1000,Chair,
4 LatinR <- Conferencia Latinoamericana de R en Investigación y Desarrollo,R-Ladies- RConsortium- RFoundation,,Latin America,Online,,2021,Conference,1000,Chair,
50 Jornadas Argentinas de Informática. ,SADIO – INTA,,Latin America,Online,,2021,Conference,1000,Chair,
Agricultura inteligente.,NASA Harverst. Bolsa de Cereales de Buenos Aires.,,Latin America,Online,2021,2021,Invited Talk,400,Speaker,
Aplicaciones agropecuarias de la Ciencia de datos,Segundas Jornadas Regionales de Cienca de Datos,,Argentina,Online,29/09/2021,2021,Invited Talk,37,Speaker,
Aplicaciones de Ciencia de Datos en el sector agropecuario.,Ecuador. X Seminario Internacional de Estadística Aplicada.,,Ecuador,Online,2021,2021,Keynote,200,Speaker,
Ciencia de Datos aplicada al Agro.,Seminario virtual de Estadística- Big Data y Data Science.,,Colombia,Online,13/12/2021,2021,Keynote,100,Speaker,
Ciencia de Datos aplicada al sector agropecuario. Seminario de aplicación al ámbito público.,Maestría en Ciencia de Datos. UdeSA.,,Argentina,Online,24/04/2021,2021,Invited Talk,37,Speaker,
Ciencia de datos en el sector agropecuario y desde el sector público.,Cadena de Datos.,,Argentina,Online,02/02/2021,2021,Podcast,2000,Speaker,
Ciencia de Datos para Turismo con R - Centro,Ministerio de Turismo,,Argentina,Online,Noviembre,2021,Course,37,Teacher,
Ciencia de Datos para Turismo con R - Norte,Ministerio de Turismo,,Argentina,Online,Diciembre,2021,Course,35,Teacher,
Ciencia de Datos para Turismo con R - Patagonia,Ministerio de Turismo,,Argentina,Online,Octubre,2021,Course,28,Teacher,
Clustering para determinar Sistemas Productivos Preponderantes,INTA,,Argentina,Online,2021,2021,Invited Talk,32,Speaker,
Como enseñar a programar Online.,INTA/MetaDocencia,,Argentina,Online,24/04/2021,2021,Course,20,Teacher,
Como enseñar a programar.,Women in Bioinformatics and Data Science.,,Argentina,Online,22/03/2021,2021,Course,20,Teacher,
Como enseñar a programar.,MetaDocencia,,Argentina,Online,2021,2021,Course,17,Teacher,
From spreadsheets to R,Software Susteanability Institute/ RS Camp: Beyond the Spreadsheet,,UK,Online,09/11/2021,2021,Course,30,Teacher,
Datos Masivos en el sector Agropecuario,Diploma en nuevas tecnologías en el agro. Universidad de la Empresa (Uruguay),,Latin America,Online,junio 2021,2021,Course,15,Teacher,
Datos Masivos en Politicas Publicas,Diplomatura en Ciencia de Datos aplicadas a politicas públicas,,Argentina,Online,,2021,Course,25,Teacher,
Enseñando a enseñar tecnología sin perder a nadie en el camino.,50 JAIIO - Jornadas Argentinas de Informática e Investigación Operativa,,Latin America,Online,25/10/2021,2021,Keynote,120,Speaker,
Facilitating discussions around Diversity- Equity and Inclusion.,Center for Scientific Collaboration and Community Engagement- USA.,,Global,Online,27/04/2021,2021,Panel,170,Speaker,
Generando tutoriales interactivos con el paquete learnr.,RenBaires. MetaDocencia.,,Argentina,Online,08/05/2021,2021,Course,75,Teacher,
Geotecnologías al servicio del agro.,Academia de Riego. Kilimo.,,Latin America,Online,11/02/2021,2021,Invited Talk,200,Speaker,
Geotecnologías aplicadas al sector agropecuario.,Diplomatura en Data Analytics para el Agro. Universidad Austral.,,Latin America,Online,2021,2021,Invited Talk,56,Speaker,
Gestión de Datos,UNAB. Licenciatura en Ciencia de Datos,,Argentina,Online,Marzo-Julio,2021,Course,30,Teacher,
Instructor trainer (how to teach computing skill to scientists),The Carpentries.,,Global,Online,2021,2021,Course,26,Teacher,
Intro al ABC para enseñar (y hacer otras cosas) online.,INTA/MetaDocencia,,Argentina,Online,2021,2021,Course,22,Teacher,
Introducción al ABC para enseñar Online,MetaDocencia,,Global,Online,2021,2021,Course,21,Teacher,
Introducción al ABC para enseñar Online,MetaDocencia,,Global,Online,2021,2021,Course,15,Teacher,
Introducción al ABC para enseñar Online,INTA/MetaDocencia,,Argentina,Online,2021,2021,Course,13,Teacher,
Introducción a la programación con R,Diploma de datos. Fundación Libertad. Rosario,,Latin America,Online,Marzo-Abril 2021,2021,Course,21,Teacher,
Introducción al ABC para enseñar (y hacer otras cosas) Online,SADIO,,Argentina,Online,octubre 2021,2021,Course,16,Teacher,
Introducción al ABC para enseñar (y hacer otras cosas) Online,INTA/MetaDocencia,,Argentina,Online,31/03/2021,2021,Course,20,Teacher,
Introducción al ABC para enseñar (y hacer otras cosas) Online.,MetaDocencia/INTA,,Argentina,Online,2021,2021,Course,18,Teacher,
Introducción al ABC para enseñar (y hacer otras cosas) Online.,MetaDocencia,,Global,Online,20/03/2021,2021,Course,25,Teacher,
Los datos en el Agro,AgroEvolución,,Latin America,Online,2021,2021,Podcast,3000,Speaker,
Los Datos en el Agro. Master Class.,FieldView,,Latin America,Online,2021,2021,Invited Talk,200,Speaker,
MetaDocencia: Teaching How to Teach Technology together.,XI Congreso Argentino de Bioinformática y Biología Computacional 2021,,Argentina,Online,11/11/2021,2021,Regular Talk,100,Speaker,
Missing narratives in discussions around diversity and inclusion in research software engineering. Panel discusión.,SeptembRSE. Conference- on Research Software Engineering,,USA,Online,28/09/2021,2021,Panel,80,Speaker,
On programming- teaching- and building tutorials with learnr.,RStudioConf.,,Global,Online,21/11/2021,2021,Regular Talk,15000,Speaker,
Panel Building RSE Communities Worldwide. RSE in Latin America and Argentina.,Research Software Engineers in HPC (RSE-HPC-2021),,USA,Online,15/11/2021,2021,Panel,80,Speaker,
Panel discussion: Do we have the right tools for research?,Research Software Camp: Beyond the Spreadsheet- organised by the Software Sustainability Institute.,,UK,Online,5/11/2021,2021,Panel,40,Speaker,
Panel R-Ladies. Building- Growing- and Sustaining a Community.,Women in Statistics and Data Science conference,,USA,Online,07/10/2021,2021,Panel,70,Speaker,
Presentación REC 028- Red de Modelado de Agroecosistemas.,INTA,,Argentina,Online,2021,2021,Invited Talk,23,Speaker,
Presentando useR! 2021.,Reunión internacional en conjunto con R-Ladies.,,Global,Online,28/04/2021,2021,Panel,70,Organizer,
Sororidad- comunidades y el empoderamiento de las Mujeres en la Ciencia,Encuentro Internacional de Mujeres y Niñas en las Ciencias. Logros y desafios de la contemporaniedad. Soy Mujer y hago Ciencia.,,Ecuador,Online,2021,2021,Panel,80,Speaker,
Tecnologías de TI para el Agro.,UPRA. Colombia.,,Colombia,Online,2021,2021,Panel,100,Speaker,
Tracking Impact and Measuring Success in Data Education Events.,csv-conf-v6.,,Global,Online,2021,2021,Panel,85,Organizer,
Un conjunto de paquetes para generar tutoriales interactivos para enseñar R,LatinR 2021 <- Conferencia Latinoamericana sobre Uso de R en Investigación + Desarrollo,,Latin America,Online,12/11/2021,2021,Regular Talk,1000,Speaker,
useR! 2021. The R Global Conference.,ETH. RFoundation,,Global,Online,,2021,Conference,2000,Chair,
Usos de la ciencia de datos en el sector agropecuario,Women in Data Science La Paz 2021,,Bolivia,Online,2021,2021,Invited Talk,54,Speaker,
Visualización ,Diploma de datos. Fundación Libertad. Rosario,,Latin America,Online,Octubre-Noviembre 2021,2021,Course,21,Teacher,
Visualización ,Diplomatura en Ciencia de Datos aplicadas a politicas públicas,,Argentina,Online,,2021,Course,25,Teacher,
Visualization,UNAB. Licenciatura en Ciencia de Datos,,Argentina,Online,Agosto-Diciembre,2021,Course,30,Teacher,
Webinar: “La Ciencia de Datos al servicio del sector agropecuario“.,Universidad Autral.,,Latin America,Online,18/03/2021,2021,Invited Talk,80,Speaker,
What they forgot to teach you about teaching R..,RStudioConf 2021,,Global,Online,25 y 26 de Enero 2021,2021,Course,60,Teacher Assistant,
Presentación REC 028- Red de Modelado de Agroecosistemas.,Seminario REC 029. ,,Argentina,Online,29/04/2021,2021,Invited Talk,35,Speaker,
10 reglas para organizar un Club de Lectura (Online) exitoso,LatinR 2022,,Latin America,Online,14/10/2022,2022,Lightning talk,900,Speaker,
14vo Congreso Argentino de AgroInformática. ,INTA-SADIO.,,Latin America,Online,,2022,Conference,250,Organizer,
5 LatinR <- Conferencia Latinoamericana de R en Investigación y Desarrollo,R-Ladies- RConsortium- RFoundation,,Latin America,Online,,2022,Conference,900,Chair,
Agricultura inteligente,Diplomatura en AgroAnalytics. Universidad Austral de Rosario,Rosario,Latin America,Online,15/10/2022,2022,Course,40,Teacher,
Appsilon Shiny Conference,AppSilon,,Global,Online,27-29 April 2022,2022,Conference,350,Organizer,
Building inclusive communities. The Latin American Experience. (Panel),AsiaR,,Asia,Online,19/02/2022,2022,Panel,30,Speaker,
Champions Program,rOpenSci Co-working Sessions,,Global,Online,1/11/2022,2022,Lightning talk,15,Organizer,
"Club de Lectura ""Enseñando Tecnología en Comunidad"". Arquitectura cognitiva. Aprendizaje Individual",MetaDocencia,,Latin America,Online,29/03/2022,2022,Book Club,30,Organizer,
"Club de Lectura ""Enseñando Tecnología en Comunidad"". Conocimiento de la pedagogía del contenido. Enseñar como un arte performativo",MetaDocencia,,Latin America,Online,05/04/2022,2022,Book Club,30,Organizer,
"Club de Lectura ""Enseñando Tecnología en Comunidad"". Construyendo una comunidad de práctica. Difusión y vinculación. Reuniones reuniones reuniones",MetaDocencia,,Latin America,Online,26/04/2022,2022,Book Club,30,Organizer,
"Club de Lectura ""Enseñando Tecnología en Comunidad"". En el salón de clase. Enseñar en línea",MetaDocencia,,Latin America,Online,19/04/2022,2022,Book Club,30,Organizer,
"Club de Lectura ""Enseñando Tecnología en Comunidad"". Las Reglas. Introducción. ¿Por qué enseño?",MetaDocencia,,Latin America,Online,03/05/2022,2022,Book Club,30,Organizer,
"Club de Lectura ""Enseñando Tecnología en Comunidad"". Modelos mentales y evaluación formativa. Tipos de Ejercicios",MetaDocencia,,Latin America,Online,15/03/2022,2022,Book Club,30,Organizer,
"Club de Lectura ""Enseñando Tecnología en Comunidad"". Pericia y memoria. Ejemplos de mapas conceptuales",MetaDocencia,,Latin America,Online,22/03/2022,2022,Book Club,30,Organizer,
"Club de Lectura ""Enseñando Tecnología en Comunidad"". Un proceso para diseñar lecciones. Motivación y desmotivación",MetaDocencia,,Latin America,Online,12/04/2022,2022,Book Club,30,Organizer,
Collaborative translations,CarpentryCon 2022,,Global,Online,09/08/2022,2022,Panel,32,Speaker,
Como Carpentries me ayudó a diseñar una lección online para 300 estudiantes | How The Carpentries helped me design an online lesson for 300 students,CarpentryCon 2022,,Global,Online,31/07/2022,2022,Lightning talk,67,Speaker,
Cómo ganarse la vida enseñando R,LatinR 2022,,Latin America,Online,14/10/2022,2022,Regular Talk,900,Speaker,
Comunidades de práctica. Desarrollando capacidades en ciencia de datos en América Latina,Women in Data Science La Plata 2022,La Plata,Argentina,Online,10/06/2022,2022,Keynote,100,Speaker,
Creando y usando tutoriales interactivos con {learnr},SER - International Seminar on Statistics with R,,Brasil,Online,25/05/2022,2022,Keynote,200,Speaker,
Creating fulfilling volunteer opportunities in open source software communities,CSCCE Community Call,,Global,Online,16/11/2022,2022,Panel,40,Speaker,
Creating interactive tutorials using {learnr} and {gradethis},The R User Group at the Harvard Data Science Initiative,,USA,Online,19/05/2022,2022,Invited Talk,25,Speaker,
Data Science: aprendiendo a agregar valor a los datos,Diplomatura en AgroAnalytics.,,Latin America,Online,20/10/2022,2022,Course,25,Teacher,
Datos Masivos en el sector Agropecuario,Diploma en nuevas tecnologías en el agro,Montevideo,Uruguay,Online,11 y 11 de Junio de 2022,2022,Course,12,Teacher,
Datos Masivos en Politicas Publicas,Diplomatura en Ciencia de Datos aplicadas a politicas públicas,Buenos Aires,Argentina,Online,,2022,Course,25,Teacher,
Datos y digitalización del sector agropecuario.,DataLatam,,Latin America,Online,20/02/2022,2022,Podcast,1000,Speaker,
Desde hojas de cálculo a R,Software Sustenaibility Institute,,Global,Online,17/05/2022,2022,Course,30,Teacher,
From Excel to R,R-Ladies Gaborone,,Botsuana,Online,13/08/2022,2022,Invited Talk,50,Speaker,
Gaps & Opportunities for Inclusive Multilingual Data Science. (Panel),The Turing Way /The Turing Institute,,Global,Online,11/02/2022,2022,Panel,60,Speaker,
Generando Tutoriales interactivos usando {learnr} y {gradethis},R-Ladies Buenos Aires y MetaDocencia,,Argentina,Online,11/05/2022,2022,Course,8,Teacher,
Generando Tutoriales interactivos usando {learnr} y {gradethis},R-Ladies Santa Rosa-R-Ladies Resistencia-Corrientes y MetaDocencia,,Argentina,Online,23/04/2022,2022,Course,8,Teacher,
Geotecnologías BigData Aprendizaje automático y emergencias agropecuarias,Seminario de Aplicación al Ambito público - Maestría en Ciencia de Datos - Univ. de San Andrés,,Argentina,Online,06/07/2022,2022,Invited Talk,23,Speaker,
Gestión de Datos,UNAB. Licenciatura en Ciencia de Datos,,Argentina,Online,Agosto-Diciembre,2022,Course,30,Teacher,
I’ve got a little black Notebook with my code in | Tengo una pequeña notebook negra con mi código en ella,Notebook Now! ,,Global,Hybrid,03/11/2022,2022,Keynote,50,Speaker,
Instructor trainer (how to teach computing skill to scientists),The Carpentries,,Latin America,Online,10-12-17-19 y 26/05/2022,2022,Course,18,Teacher,
Internal R packages for Open Science in Agrometeorology,FOSDEM'22,,Global,Online,05/02/2022,2022,Regular Talk,30,Speaker,
Intro al sensoramiento Remoto utilizando R aplicado al agro,Bolsa de Cereales de Buenos Aires. Universidad de Maryland,,Argentina,Online,12/09/2022,2022,Course,45,Teacher,
Intro to {learnr} R package,R-Ladies,,Southafrica,Online,29/03/2022,2022,Course,27,Teacher,
Introducción a la programación con R,Bolsa de Cereales de Buenos Aires,Buenos Aires,Argentina,Online,5-12-19-26/04 y 03-10/05/2022,2022,Course,18,Teacher,
Introducción al análisis de datos con lenguaje R.,Bolsa de Cereales de Bahía Blanca,Bahia Blanca,Argentina,Online,Mayo-Junio 2022,2022,Course,21,Teacher,
Lo que todo el mundo en Ciencia de Datos debe saber sobre enseñar y aprender,Women In Data Science 2022 – Buenos Aires /FIUBA,,Argentina,Online,12/05/2022,2022,Invited Talk,80,Speaker,
Logrando el cambio que queremos de a una conferencia a la vez | Achieving the change we want one conference at a time,CarpentryCon 2022,,Global,Online,01/08/2022,2022,Keynote,100,Speaker,
Mentoring & training program for Scientific Open Source Champions,rOpenSci Community Calls,,Global,Online,24/10/2022,2022,Community Call,30,Speaker,
Panel de GitHub Stars de habla hispana,Octogatos 2022,,Global,Online,15/09/2022,2022,Panel,1000,Speaker,
rOpenSci: infraestructura para una ciencia abierta en Agrometeorología,Reunión Argentina de Agrometerología 2022 ,,Latin America,Online,30/09/2022,2022,Keynote,500,Speaker,
rOpenSci. Bringing the best parts of academic peer-review to research software,Notebook Now! ,,Global,Hybrid,04/11/2022,2022,Invited Talk,50,Speaker,
rOpenSci. Ciencia abierta reproducible,Seminarios INTA-PAE,,Argentina,Online,02/12/2022,2022,Invited Talk,23,Speaker,
rOpenSci. Open Source Software Community,Abuja RUG Meetup,,Africa,Online,18/10/2022,2022,Invited Talk,34,Speaker,
rOpenSci.Convertite en una campeona del desarrollo de paquetes de R,RenBaires Meetup,,Latin America,Online,09/08/2022,2022,Invited Talk,25,Speaker,
Sistema de consulta de datos e información agrometeorológica y agroclimática para la provincia de La Pampa,LatinR 2022,,Latin America,Online,13/10/2022,2022,Regular Talk,900,Speaker,
Teaching with R,rOpenSci Co-working Sessions,,Global,Online,septiembre 2022,2022,Lightning talk,15,Organizer,
Towards More Equitable Open Science Events: Assessing Tools Techniques and Frameworks for Inclusion/Exclusions,Event Fund Seminar Series for grantees and CS&S affiliates,,Global,Online,09/08/2022,2022,Invited Talk,23,Speaker,https://yabellini.netlify.app/talk/2022_css/
Un palenque pa ́l granizo: una arquitectura flexible para manejo de grandes volúmenes de datos para el agro. ,AGRANDA 2022,,Latin America,Online,25/10/2022,2022,Keynote,100,Speaker,
useR! 2022. The R Global Conference.,RFoundation/( Vanderbilt University),,Global,Online,julio 2022,2022,Conference,1500,Organizer,
Visualización ,Diplomatura en Ciencia de Datos aplicadas a politicas públicas,,Argentina,Online,,2022,Course,25,Teacher,
Visualization,UNAB. Licenciatura en Ciencia de Datos,,Argentina,Online,Marzo-Julio,2022,Course,30,Teacher,
What Everyone In Data Science Should Know About Teaching And Learning,16th Brazilian Meeting of Bayesian Statistics and VI Latin American Conference on Statistical Computing,,Brasil,Online,16/03/2022,2022,Keynote,100,Speaker,
rOpenSci. Ciencia abierta reproducible,INTA,,Argentina,Online,02/12/2022,2022,Invited Talk,30,Speaker,https://yabellini.netlify.app/talk/ropensci_pae_inta_2022/
Diplomatura en AgroAnalytics. Agricultura inteligente,,,Argentina,Online,15/10/2022,2022,Course,65,Teacher,https://yabellini.netlify.app/talk/austral_agroanalitycs_2022/
Community Call: mentoring & training program for scientific open source champions,rOpenSci,,Global,Online,24/10/2022,2022,Community Call,50,Speaker,
Champions Program application clinic - coworking session,rOpenSci,,Global,Online,01/11/2022,2022,Coworking,20,Speaker,
"Dinosaurs, Pirates, Spaceships",Embedded podcast,,USA,Online,30/11/2023,2023,Podcast,1000,Speaker,https://yabellini.netlify.app/talk/2023_embedded_podcast/
rOpenSci. Ciencia abierta con R,R Day Colombia,,Colombia,Hybrid,23/11/2023,2023,Keynote,150,Speaker,https://yabellini.netlify.app/talk/2023_rday_colombia/
Celebración del 25 Aniversario,The Carpentries 25 aniversario,,Latin America,Online,30/10/2023,2023,Panel,100,Speaker,https://yabellini.netlify.app/talk/2023-10-30-thecarpentries25/
Charla Sponsor: R Consortium,LatinR 2023,Montevideo,Uruguay,In person,20/10/2023,2023,Sponsor Talk,300,Speaker,https://yabellini.netlify.app/talk/2023_latinr_rconsortium/
Análisis de colaboración en comunidades por medio de analisis de redes sociales,LatinR 2023,Montevideo,Uruguay,In person,19/10/2023,2023,Regular Talk,300,Speaker,
6 LatinR 2023 <- Conferencia Latinoamericana de R en Investigación y Desarrollo,LatinR 2023,Montevideo,Uruguay,In person,19/10/2023,2023,Conference,300,Chair,
rOpenSci. Ciencia Abierta Reproducible por y para todes,4to encuentro anual de R Ladies México ,Mexico,Latin America,Online,23/09/2023,2023,Invited Talk,70,Speaker,https://yabellini.netlify.app/talk/2023_r-ladiesmexico/
Organizing Community Calls using GitHub,CSCCE Open-Source Tools Trial Recap,,Global,Online,30/08/2023,2023,Invited Talk,80,Speaker,https://yabellini.netlify.app/talk/2023_github_cscce/
Campeonas del software libre para ciencia,R-Ladies Santa Rosa y Buenos Aires,,Argentina,Online,08/08/2023,2023,Invited Talk,15,Speaker,
Let’s Talk Community with Yanina Belline Saibene,Data Umbrella ,,Global,Online,04/08/2023,2023,Podcast,83,Speaker,https://yabellini.netlify.app/talk/2023_dataumbrella/
Building the rOpenSci Community of Practice,Tampa Bay Estuary Program,,USA,Online,02/08/2023,2023,Invited Talk,30,Speaker,https://yabellini.netlify.app/talk/2023_tbep/
Programming for Science,OLS-7,,Global,Online,10/05/2023,2023,Invited Talk,30,Speaker,https://yabellini.netlify.app/talk/2023_ols/
"Charla abierta con Thomas Dohmke, CEO de GitHub",Microsoft Argentina,Buenos Aires,Argentina,In person,08/05/2023,2023,Panel,400,Speaker,https://yabellini.netlify.app/talk/2023_github/
Tell me who you hang out with and I’ll tell you who you are: a collaborative analysis using social network analysis.,"CSV, Conf",Buenos Aires,Argentina,In person,20/04/2023,2023,Regular Talk,200,Speaker,https://yabellini.netlify.app/talk/2023_csv_conf/
rOpenSci. Reproducible Open Science for (and by) All,Toronto Workshop on Reproducibility / Hybrid (Global),Toronto,Global,Hybrid,23/02/2023,2023,Invited Talk,200,Speaker,
rOpenSci Champions Program. A mentoring & training program for Scientific Open Source Champions,EuroBioImaging,,Europe,Online,16/02/2023,2023,Invited Talk,30,Speaker,https://yabellini.netlify.app/talk/2023_eurobioimaging/
Multilingual Publishing,Bioconductor,,Global,Online,09/02/2023,2023,Invited Talk,25,Speaker,https://yabellini.netlify.app/talk/2023_bioconductor/
rOpenSci Mentoring & training program for Scientific Open Source Champions - Champions and mentors 1,rOpenSci,,Global,Online,27/01/2023,2023,Regular Talk,10,Speaker,https://yabellini.netlify.app/talk/2023_kickoff_meting_2/
rOpenSci Mentoring & training program for Scientific Open Source Champions - Champions and mentors 2,rOpenSci,,Global,Online,24/01/2023,2023,Regular Talk,10,Speaker,
rOpenSci Mentoring & training program for Scientific Open Source Champions - mentors 1,rOpenSci,,Global,Online,04/12/2023,2023,Regular Talk,2,Speaker,
rOpenSci Mentoring & training program for Scientific Open Source Champions - mentors 2,rOpenSci,,Global,Online,05/12/2023,2023,Regular Talk,5,Speaker,
rOpenSci Mentoring & training program for Scientific Open Source Champions - mentors 3,rOpenSci,,Global,Online,04/12/2023,2023,Regular Talk,4,Speaker,
Proyecto Multilingüe,rOpenSci,,Global,Online,23/11/2023,2023,Community Call,20,Organizer,
Multilingual Publishing,rOpenSci,,Global,Online,21/11/2023,2023,Community Call,20,Organizer,
R in Government,rOpenSci,,Global,Online,31/10/2023,2023,Community Call,60,Organizer,
Mentoring & training program for Scientific Open Source Champions,rOpenSci,,Global,Online,25/07/2023,2023,Community Call,30,Organizer,
A Journey through Arrow in R,rOpenSci,,Global,Online,28/06/2023,2023,Community Call,60,Organizer,
{targets} in Action,rOpenSci,,Global,Online,31/01/2023,2023,Community Call,90,Organizer,
Making a PACT for engaging virtual meetings and events,rOpenSci,,Global,Online,15/02/2023,2023,Course,10,Organizer,
Package development: the mechanics,rOpenSci,,Global,Online,14/03/2023,2023,Course,20,Teacher Assistant,
Package development: not rocket science,rOpenSci,,Global,Online,23/03/2023,2023,Course,20,Teacher Assistant,
How rOpenSci performs peer review (Mauro Lepore),rOpenSci,,Global,Online,04/04/2023,2023,Course,20,Organizer,
How to contribute to base R (Heather Turner),rOpenSci,,Global,Online,18/05/2023,2023,Course,20,Organizer,
Developing software together (Paola Corrales & Yanina Bellini Saibene),rOpenSci,,Global,Online,19/05/2023,2023,Course,20,Teacher,
Kickoff meeting for champions and mentors,rOpenSci,,Global,Online,24/01/2023,2023,Course,10,Organizer,
Cohort meeting - champions program 2022-2023,rOpenSci,,Global,Online,19/06/2023,2023,Course,10,Organizer,
Cohort meeting - champions program 2022-2023,rOpenSci,,Global,Online,27/06/2023,2023,Course,10,Organizer,
Kickoff meeting for champions and mentors,rOpenSci,,Global,Online,27/01/2023,2023,Course,10,Organizer,
Cohort meeting - champions program 2022-2023,rOpenSci,,Global,Online,23/08/2023,2023,Course,10,Organizer,
Cohort meeting - champions program 2022-2023,rOpenSci,,Global,Online,31/08/2023,2023,Course,10,Organizer,
Cohort meeting - champions program 2022-2023,rOpenSci,,Global,Online,24/11/2023,2023,Course,15,Organizer,
Spring Cleaning for R packages and Scripts,rOpenSci,,Global,Online,03/05/2023,2023,Coworking,10,Organizer,https://ropensci.org/events/coworking-2023-05/
Champions Program Application Clinic,rOpenSci,,Global,Online,23/08/2023,2023,Coworking,8,Organizer,https://ropensci.org/events/coworking-2023-08-23/
Champions Program Application Clinic,rOpenSci,,Global,Online,27/08/2023,2023,Coworking,5,Organizer,https://ropensci.org/events/coworking-2023-08-17/
Causal Inference,PositConf 2023,,Global,In person,19y20 Septiembre de 2023,2023,Course,60,Teacher Assistant,
Champions Program Kickoff Meeting - 1,rOpenSci Champions Program ,,Global,Online,29-01-2024,2024,Course,15,Teacher,
Champions Program Kickoff Meeting - 2,rOpenSci Champions Program ,,Global,Online,30-01-2024,2024,Course,5,Teacher,
Mentorship Training and Orientation,rOpenSci Champions Program ,,Global,Online,14-02-2024,2024,Course,20,Teacher,
Beautiful Code. Because we are worthy ,rOpenSci Champions Program ,,Global,Online,15/02/2024,2024,Course,15,Teacher Assistant,
Package Development - The Mechanics Session 1,rOpenSci Champions Program ,,Global,Online,22/02/2024,2024,Course,12,Teacher Assistant,
Package Development - The Mechanics Session 2,rOpenSci Champions Program ,,Global,Online,29/02/2024,2024,Course,15,Teacher Assistant,
Package Development - The Mechanics Session 3,rOpenSci Champions Program ,,Global,Online,07/03/2024,2024,Course,10,Teacher Assistant,
Package Development - Not Rocket Science ,rOpenSci Champions Program ,,Global,Online,10/03/2024,2024,Course,12,Teacher Assistant,
How to contribute to open projects and communities,rOpenSci Champions Program ,,Global,Online,03-04-2024,2024,Course,10,Teacher,
Reproducible Open Science by and for All,CZI Open Science 2024,Boston,USA,In person,14/06/2024,2024,Invited Talk,300,Speaker,https://yabellini.netlify.app/talk/2024_czi_boston/
Amplificando voces: minorías en la frontera de la IA en la comunidad R,VIII International Seminar on Statistics with R.,,Brasil,Hybrid,04/06/2024,2024,Invited Talk,300,Speaker,https://yabellini.netlify.app/talk/2024_ser_brasil/
Yani Bellini Saibene on better scientific coding communities,Sustain Podcast,,Global,Online,12/04/2024,2024,Podcast,2000,Speaker,https://yabellini.netlify.app/talk/2024_sustain_podcast/
rOpenSci and the Peer-Review of Research Software,BioPackhaton,,Japon,Online,11/12/2024,2024,Invited Talk,11,Speaker,https://yabellini.netlify.app/talk/2024_biopackhaton/
Using GitHub Copilot (and other LLM) with R,R-Ladies Rome ,Rome,Global,Online,10/12/2024,2024,Invited Talk,30,Speaker,https://yabellini.netlify.app/talk/2024_r-ladiesrome/
Usando Quarto Live para tutoriales interactivos,LatinR 2024,,Global,Online,22/11/2024,2024,Regular Talk,800,Speaker,https://yabellini.netlify.app/talk/2024_latinr_quartolive/
The stories behind your community numbers,CarpentryConnect,Heilderberg,Alemania,Hybrid,14/12/2024,2024,Keynote,200,Speaker,https://yabellini.netlify.app/talk/2024_carpentryconbiont/
Unlocking Insights from LatinR. Collaboration and Innovation in Data Science,RConsortium Webinars,,Global,Online,22/10/2024,2024,Invited Talk,200,Speaker,https://yabellini.netlify.app/talk/2024_rconsortium_latinr/
R-Ladies Global & Other #RStats Communities,Ghana R User Groups,,Global,Online,14/09/2024,2024,Invited Talk,50,Speaker,https://yabellini.netlify.app/talk/2024_r-ladies-ghana/
Role of community manager in rOpensci community,This is Tech Talks,,Global,Online,18/01/2025,2025,Podcast,2000,Speaker,https://yabellini.netlify.app/talk/2025_this_is_tech/
Educación abierta: materiales online al alcance de la mano,Innovation Day 2024 - Universidad Austral,Rosario,Argentina,Online,11/12/2024,2024,Lightning talk,200,Speaker,https://yabellini.netlify.app/talk/2024_austral_educacion/
Making a PACT for engaging virtual meetings and events,rOpenSci Champions Program ,,Global,Online,14/08/2024,2024,Course,20,Organizer,
Hermosas presentaciones con Quarto,Santa Rosa Meetup,Santa Rosa,Argentina,Online,16/03/2024,2024,Course,16,Teacher,https://yabellini.netlify.app/talk/2024_quarto_rladiessr/
Crossing the Language Barrier,Code for Thought,,Global,Online,12/03/2024,2024,Podcast,200,Speaker,https://yabellini.netlify.app/talk/2024_code_4_thought_podcast/
Fostering Diversity and Sustainability in the Open Source Scientific Software Community. The rOpenSci Champions Program,Open Research Devroom. FOSSDEM,,Global,Online,10/02/2024,2024,Regular Talk,50,Speaker,https://yabellini.netlify.app/talk/2024_devroom/
Research Software Camp: From spreadsheets to R,Software Sustainability Institute,,Global,Online,27/11/2024,2024,Course,30,Teacher,https://www.eventbrite.co.uk/e/research-software-camp-from-spreadsheets-to-r-tickets-1056738235509
"Concurso ""Contar con Datos""",Universidad de San Andres. Fundacion Sadosky.,Buenos Aires,Argentina,Hybrid,24/11/2024,2024,Contest,40,Jury,https://udesa.edu.ar/contarcondatos
Tradução + Hackathon = Traslaton rOpenSci,LatinR. rOpenSci,,Latin America,Online,18/11/2024,2024,Hackathon,20,Organizer,https://www.eventbrite.cl/e/traducao-hackathon-traslaton-ropensci-tickets-1045507530167
8 LatinR 2025 - Latinamerican Conference About the Use of R in R&D,LatinR 2025,,Latin America,Online,1-5/12/2025,2025,Conference,800,Chair,
7 LatinR Conference 2024,LatinR 2024,,Latin America,Online,18-22/11/2024,2024,Conference,800,Chair,
Workshop Introduccion a Github para Investigador(a|e)s,LatinR. GitHub Star,,Latin America,Online,18/11/2024,2024,Course,30,Teacher,https://www.eventbrite.cl/e/introduccion-a-github-para-investigadoraes-tickets-1045617188157?utm-campaign=social&utm-content=attendeeshare&utm-medium=discovery&utm-term=listing&utm-source=cp&aff=ebdsshcopyurl
A comunidade R fala português,rOpenSci Community Call,,Latin America,Online,6/11/2024,2024,Community Call,20,Organizer,https://ropensci.org/commcalls/translation-portuguese/
Navigating the R ecosystem using R-universe,rOpenSci Community Call,,Global,Online,24/09/2024,2024,Community Call,60,Organizer,https://ropensci.org/commcalls/nov2024-r-universe/
Nerdearla Argentina,Nerdearla Argentina Conferencia,,Global,Hybrid,30/09/2024,2024,Conference,1000,Organizer,
Nerdearla Mexico,Nerdearla Mexico Conferencia,,Global,Hybrid,30/09/2024,2024,Conference,1000,Organizer,
Screen Reader Accessible Tools and Resources for Learning and Working with R,Champions Program Event,,Global,Online,10/09/2024,2024,Community Call,70,Organizer,https://ropensci.org/events/rsr-learn-and-use/
"CSV,Conf,v8 2024",Conferencia ,,Global,In person,28/05/2024,2024,Conference,300,Organizer,
How rOpenSci performs peer-review,rOpenSci Champions Program ,,Global,Online,15/04/2024,2024,Course,20,Organizer,
Nerdearla Argentina 2025,Conferencia ,Buenos Aires,Argentina,Hybrid,23/09/2025,2025,Conference,2000,Organizer,
From Novice to Contributor: Making and Supporting First-Time Contributions to FOSS,rOpenSci,,Global,Online,20/01/2025,2025,Community Call,60,Organizer,https://ropensci.org/commcalls/first-time-contributor/
"Session Open Science, R Packages, and Research Software Development","CSIDNet, rOpenSci",,Thailand,In person,20/07/2025,2025,Coworking,25,Organizer,
Clinica de Aplicación para el Programa de Campeon(e|a)s de rOpenSci,rOpenSci,,Global,Online,15/04/2025,2025,Coworking,30,Organizer,https://ropensci.org/events/clinica-champions-2025-04/
"Mini-hackathons ""For first time contributors""",rOpenSci,,Global,Online,04/02/2025,2025,Hackathon,35,Organizer,
"Mini-hackathons ""For first time contributors""",rOpenSci,,Global,Online,04/03/2025,2025,Hackathon,35,Organizer,
Package Development - Encuentro 3,Champions Program Event,,Latin America,Online,30/09/2025,2025,Course,20,Organizer,
Package Development - Encuentro 2,Champions Program Event,,Latin America,Online,23/09/2025,2025,Course,20,Organizer,
Package Development - Encuentro 1,Champions Program Event,,Latin America,Online,16/09/2025,2025,Course,20,Organizer,
Code Style,Champions Program Event,,Latin America,Online,02/09/2025,2025,Course,20,Organizer,
Desarrollo de Software en Comunidad - Encuentro 2,Champions Program Event,,Latin America,Online,27/08/2025,2025,Course,20,Teacher,
Desarrollo de Software en Comunidad - Encuentro 1,Champions Program Event,,Latin America,Online,20/08/2025,2025,Course,20,Teacher,
Social Coworking and Office Hours - Research Software Engineering and R (rOpenSci),rOpenSci,,Global,Online,01/07/2025,2025,Coworking,40,Organizer,
rOpenSci Champions Program. A mentoring & training program for Scientific Open Source Champions,Champions Program Event,,Latin America,Online,18/06/2025,2025,Course,10,Teacher,
Kickoff meeting for Champions,Champions Program Event,,Latin America,Online,25/06/2025,2025,Coworking,15,Organizer,
Mi3rda git!,R-Ladies Santa Rosa,,Argentina,Online,24/06/2025,2025,Course,15,Organizer,
rOpenSci Champions Program. A mentoring & training program for Scientific Open Source Champions,Champions Program Event,,Latin America,Online,12/06/2025,2025,Course,10,Teacher,
Kickoff meeting for Champions,Champions Program Event,,Latin America,Online,03/07/2025,2025,Coworking,10,Organizer,
Reunión de Inicio Mentor(a|e)s - Opción 1,Champions Program Event,,Latin America,Online,27/05/2025,2025,Coworking,5,Organizer,
Reunión de Inicio Mentor(a|e)s - Opción 2,Champions Program Event,,Latin America,Online,28/05/2025,2025,Coworking,7,Organizer,
Reunión de Inicio Mentor(a|e)s - Opción 3,Champions Program Event,,Latin America,Online,30/05/2025,2025,Coworking,6,Organizer,
Introduccion a AgTech,UCES,,Argentina,Online,11/07-25/07,2024,Course,30,Teacher,
Training - Developing Software Together,rOpenSci Champions Program ,,Global,Online,23/07/2024,2024,Course,50,Teacher,
Last Cohort Meeting - rOpenSci Champions Program,rOpenSci Champions Program ,,Global,Online,13/12/2024,2024,Coworking,15,Organizer,
Gestión de Datos Masivos en el Agro,UCA,,Argentina,Online,3/10/2024,2024,Course,17,Teacher,
Ciencia de Datos en el Agro,UCES,,Argentina,Online,3/10-17/10,2024,Course,23,Teacher,