"Nombre","Institucion.Evento","Ciudad","Lugar","Formato","Fecha","anio","Tipo","Cantidad","Rol","Links"
"Club de Lectura de Enseñar Tecnología en Comunidad",,,,,"May 2022",2022,"Talk",,"Speaker","https://yabellini.netlify.app/blog/2022_metadocencia_club_lectura_t3/10-bookclubt3/"
"How 2021 went?",,,,,"January 2022",2022,"Talk",,"Speaker","https://yabellini.netlify.app/blog/2021_how2021went_en/"
"On programming, teaching, and building interactive tutorials with learnr",,,,"Online","January 2021",2021,"Talk",,"Speaker","https://resources.rstudio.com/resources/rstudioglobal-2021/on-programming-teaching-and-building-interactive-tutorials-with-learnr/"
"Aprendiendo {learnr} - Tutoriales interactivos ",,,,,"January 2021",2021,"Talk",,"Speaker","https://learning-learnr.netlify.app/"
"rOpenSci, infraestructura para una ciencia abierta en Agrometeorología",,,,,"September 2022",2022,"Talk",,"Speaker","https://yabellini.netlify.app/talk/keynote_rada_2022/"
"Towards More Equitable Open Science Events: Assessing Tools, Techniques, and Frameworks for Inclusion/Exclusions",,,,"Online","August 2022",2022,"Talk",,"Speaker","https://yabellini.netlify.app/talk/css_2022/"
"Geotecnologías, BigData, Aprendizaje automático y emergencias agropecuarias",,,,,"July 2022",2022,"Talk",,"Speaker","https://yabellini.netlify.app/talk/seminarioaplicacionespublicas_2022/"
"GitHub Stars Latin American Panel",,,,,"September 2022",2022,"Talk",,"Speaker","https://sessionize.com/octogatosconf22"
"[Open Course] Intro al sensoramiento Remoto utilizando R aplicado al agro",,,,,"September 2022",2022,"Talk",,"Speaker","https://yabellini.netlify.app/courses/agri_remote_sensing/"
"10 reglas para organizar un Club de Lectura (on-line) exitoso",,,,,"October 2022",2022,"Talk",,"Speaker","https://yabellini.netlify.app/talk/latinr_2022_book_club/"
"Datos y digitalización del sector agropecuario",,,,,"February 2022",2022,"Talk",,"Speaker","https://youtu.be/JUBySmXqwc4"
"Gaps & Opportunities for Inclusive Multilingual Data Science",,,,,"February 2022",2022,"Talk",,"Speaker","https://yabellini.netlify.app/talk/ttw_firechat_2022/"
"Building inclusive communities",,,,,"February 2022",2022,"Talk",,"Speaker","https://yabellini.netlify.app/talk/asiar_2022/"
"Generando tutoriales interactivos con el paquete {learnr}",,,,,"April 2022",2022,"Talk",,"Speaker","https://yabellini.netlify.app/courses/tutorialesinteractivos_intro/"
"Enabling Inclusive Research Conferencing in the ‘Post-Pandemic Era’",,,,,"April 2022",2022,"Talk",,"Speaker","https://pad.sfconservancy.org/p/ttw-fireside-chat-apr2022"
"The Carpentries - Instructor Training",,,,,"March 2022",2022,"Event Organization",,"Organizer","https://yabellini.github.io/2022-05-10-ttt-online-spanish/"
"Taller learnr - R-Ladies BA",,,,,"March 2022",2022,"Talk",,"Speaker","https://yabellini.netlify.app/courses/tutorialesinteractivos_intro/"
"Desde las hojas de cálculo a R",,,,,"May 2022",2022,"Talk",,"Speaker","https://www.youtube.com/watch?v=qOpXUo6epr0"
"Bueno, bonito y barato: reportes reproducibles con Rmarkdown",,,,,"May 2022",2022,"Talk",,"Speaker","https://t.co/rF9rdTN0GB"
"useR! Conference 2022 ",,,,"Online","June 2022",2022,"Event Organization",,"Organizer","https://user2022.r-project.org/"
"Bug Barbecue",,,,"Online","June 2022",2022,"Event Organization",,"Organizer","https://contributor.r-project.org/events/bug-bbq"
"LatinR 2022|  Conferencia Latinoamericana sobre Uso de R en Investigación + Desarrollo",,,,,"October 2022",2022,"Event Organization",,"Organizer","https://latin-r.com/"
"Datos y digitalización del sector agropecuario",,,,,"February 2022",2022,"Video/Podcast",,"Participant","https://youtu.be/JUBySmXqwc4"
"Episodio 27 del podcast AgroVision.",,,,,"June 2021",2021,"Video/Podcast",,"Participant","https://open.spotify.com/episode/7cDJJo6OcAhswDyjE0noYe?si=gS-6jmW2TSGw2tjqcVIW7g"
"useR! 2021 The R Conference",,,,"Online","July 2021",2021,"Event Organization",,"Organizer","https://user2021.r-project.org/"
"LatinR 2021| Conferencia Latinoamericana sobre Uso de R en Investigación + Desarrollo",,,,,"November 2021",2021,"Event Organization",,"Organizer","https://latin-r.com/"
"Introduction to online teaching essentials",,,,"Online","June 2020",2020,"Event Organization",,"Organizer","https://www.metadocencia.org/en/curso/intro-abc-online/"
"Teaching on-line essentials",,,,"Online","October 2020",2020,"Event Organization",,"Organizer","https://www.meetup.com/es/rladies-santa-rosa/events/273506766/"
"Introduction to online teaching essentials",,,,"Online","June 2020",2020,"Event Organization",,"Organizer","https://www.metadocencia.org/en/curso/intro-abc-online/"
"BoF Measure Impact in Educational Events",,,,,"May 2021",2021,"Event Organization",,"Organizer","https://csvconf.com/"
"Cómo hacer una reunión virtual inolvidable (sin morir en el intento)",,,,"Online","July 2020",2020,"Talk",,"Speaker","https://www.meetup.com/es/rladies-santa-rosa/events/271529806/"
"49 Jornadas Argentinas de Informática e Investigación Operativa",,,,,"October 2020",2020,"Event Organization",,"Organizer","https://49jaiio.sadio.org.ar/"
"LatinR -> Conferencia Latinoamerica de R para Investigación y Desarrollo",,,,"Online","October 2020",2020,"Event Organization",,"Organizer","https://github.com/LatinR/presentaciones-LatinR2020"
"RStudio Instructor Certification Webinar",,,,,"June 2020",2020,"Talk",,"Speaker","https://youtu.be/582tMkPvloU"
"Mujeres en STEAM - ¿Quién es Yanina Bellini Saibene?",,,,,"June 2020",2020,"Video/Podcast",,"Participant","https://youtu.be/_SmnmK6DgOg"
"Cadena de datos Episodio 37. Entrevista a Yanina Bellini Saibene",,,,,"February 2021",2021,"Video/Podcast",,"Participant","https://youtu.be/5usE2w2v33E"
"Facilitating discussions around DEI ",,,,,"April 2021",2021,"Talk",,"Speaker","https://www.cscce.org/event/dei-sig-facilitating-discussions-around-dei/"
"Como enseñar a programar on-line",,,,,"March 2021",2021,"Event Organization",,"Organizer","https://www.metadocencia.org/curso/programar/"
"Intro al ABC para enseñar on-line",,,,,"March 2021",2021,"Event Organization",,"Organizer","https://www.metadocencia.org/curso/intro-abc-online/"
"R-Ladies 2020 and TidyModels",,,,,"December 2020",2020,"Event Organization",,"Organizer","https://rladiesenargentina.github.io/Resumen_meetups_2020/"
"Cómo enseñar a programar online",,,,"Online","April 2021",2021,"Event Organization",,"Organizer","https://www.metadocencia.org/curso/programar/"
"Comunidades de práctica - Mujeres que inspiran",,,,,"February 2021",2021,"Talk",,"Speaker","https://twitter.com/CientificasEC"
"Intro al ABC para enseñar on-line",,,,,"February 2021",2021,"Event Organization",,"Organizer","https://www.metadocencia.org/curso/intro-abc-online/"
"Procesando datos espaciales con R",,,,,"November 2020",2020,"Hackathon",,"Participant","https://desafiosagtech.com/"
"Aplicaciones de Ciencias de Datos en el sector agropecuario",,,,,"May 2021",2021,"Talk",,"Speaker","https://congreso.see-ec.org/"
"Hacia una red de práctica sobre comunidades de práctica",,,,,"November 2020",2020,"Talk",,"Speaker","https://www.youtube.com/watch?v=7faW466eccM"
"Generando tutoriales interactivos con el paquete learnr",,,,"Online","October 2020",2020,"Event Organization",,"Organizer","https://www.meetup.com/es/rladies-santa-rosa/events/273513242/"
"Predictive modeling with text using tidy data principles - useR! 2020 tutorial",,,,,"July 2020",2020,"Event Organization",,"Organizer","https://www.meetup.com/es/rladies-santa-rosa/events/271927045/"
"Ciencia de datos aplicada al sector agropecuario",,,,,"May 2021",2021,"Talk",,"Speaker","https://twitter.com/wids_lapaz"
"¿Qué es un poster?",,,,,"December 2020",2020,"Talk",,"Speaker","https://twitter.com/rladieslapaz"
"La ciencia de datos al servicio del sector agropecuario",,,,,"March 2021",2021,"Talk",,"Speaker","https://www.austral.edu.ar/cienciasempresariales/conocimiento-e-impacto/austral-en-linea/webinars-2021/"
"Primeros pasos con GIT",,,,,"May 2020",2020,"Talk",,"Speaker","https://www.meetup.com/es/rladies-santa-rosa/events/270668823/"
"Aprendé a hacer ejercicios interactivos de R con learnr.",,,,,"May 2021",2021,"Event Organization",,"Organizer","https://www.meetup.com/es/renbaires/events/277921094/"
"Geotecnologías aplicadas al sector agropecuario",,,,"Online","February 2021",2021,"Talk",,"Speaker","https://youtu.be/k3rS2vIZaLc"
"Taller de Imagenes satelitales para uso agropecuario",,,,"Online","November 2020",2020,"Talk",,"Speaker","https://inta.gob.ar/eventos/uso-y-analisis-de-imagenes-satelitales-en-el-agro"
"R-Ladies+ Invita a useR!",,,,,"April 2021",2021,"Event Organization",,"Organizer","https://www.meetup.com/es/rladies-santa-rosa/events/277740852/"
"On programming, teaching, and building interactive tutorials with learnr",,,,"Online","January 2021",2021,"Talk",,"Speaker","https://www.rstudio.com/resources/rstudioglobal-2021/on-programming-teaching-and-building-interactive-tutorials-with-learnr/"
"Intro al ABC para enseñar on-line",,,,"Online","May 2020",2020,"Event Organization",,"Organizer","https://www.metadocencia.org/curso/intro-abc-online/"
"CSV,Conf",,,,"Online","April 2023",2023,"Event Organization",,"Organizer","https://csvconf.com/"
"Enseñar Tecnología en Comunidad",,,,,"June 2023",2023,"Event Organization",,"Organizer","https://yabellini.netlify.app/courses/t3es/"
"rOpenSci Mentoring & training program for Scientific Open Source Champions. Kickoff meeting 1.",,,,,"January 2023",2023,"Event Organization",,"Organizer","https://yabellini.netlify.app/talk/2023_kickoff_meting_1/"
"rOpenSci Mentoring & training program for Scientific Open Source Champions. Kickoff Meeting 2",,,,,"January 2023",2023,"Event Organization",,"Organizer","https://yabellini.netlify.app/talk/2023_kickoff_meting_2/"
"Nerdearla",,,,,"July 2023",2023,"Event Organization",,"Organizer","https://nerdear.la/"
"Developing Software Together (training for champions program applicants)",,,,,"May 2023",2023,"Event Organization",,"Organizer","https://ropensci.org/events/2023-05-19-developing-software-together/"
"How to contribute to base R (champions training)",,,,,"May 2023",2023,"Event Organization",,"Organizer","https://ropensci.org/events/2023-05-18-how-to-contribute-base-r/"
"How rOpenSci performs peer-review",,,,,"April 2023",2023,"Event Organization",,"Organizer","https://ropensci.org/events/2023-04-04-how-ropensci-review/"
"Package Development: Not Rocket Science (champions training)",,,,,"March 2023",2023,"Event Organization",,"Organizer","https://ropensci.org/events/2023-03-23-pkg-dev-not-rocket-science-champions/"
"Package Development: the Mechanics (champions training)",,,,,"March 2023",2023,"Event Organization",,"Organizer","https://ropensci.org/events/2023-03-14-pkg-dev-mechanics-champions/"
"rOpenSci Champions Program. Mentorship Training and Orientation",,,,,"February 2023",2023,"Event Organization",,"Organizer","https://ropensci.org/events/2023-03-01-mentor-orientation/"
"Let's Talk Community with Yanina Bellini Saibene",,,,,"August 2023",2023,"Video/Podcast",,"Participant","https://blog.dataumbrella.org/yanina-community"
"LatinR 2023| Conferencia Latinoamericana sobre Uso de R en Investigación + Desarrollo",,,,"Online","October 2023",2023,"Event Organization",,"Organizer","https://latin-r.com/"
"Nerdearla Argentina y Mexico",,,,,"October 2024",2024,"Event Organization",,"Organizer","https://nerdear.la/en/"
"Social Coworking and Office Hours - Champions Program Application Clinic",,,,,"August 2023",2023,"Event Organization",,"Organizer","https://ropensci.org/events/coworking-2023-08-23/"
"Social Coworking and Office Hours - Champions Program Application Clinic",,,,,"August 2023",2023,"Event Organization",,"Organizer","https://ropensci.org/events/coworking-2023-08-17/"
"Charla R Consortium",,,,,"October 2023",2023,"Talk",,"Speaker","https://yabellini.netlify.app/talk/2023_latinr_rconsortium/"
"rOpenSci News Digest, November 2023",,,,,"November 2023",2023,"Other",,"Other","https://ropensci.org/blog/2023/11/24/news-november-2023/"
"rOpenSci News Digest, October 2023",,,,,"October 2023",2023,"Other",,"Other","https://ropensci.org/blog/2023/10/20/news-october-2023/"
"rOpenSci News Digest, September 2023",,,,,"September 2023",2023,"Other",,"Other","https://ropensci.org/blog/2023/09/22/news-september-2023/"
"rOpenSci News Digest, August 2023",,,,,"August 2023",2023,"Other",,"Other","https://ropensci.org/blog/2023/08/25/news-august-2023/"
"rOpenSci News Digest, July 2023",,,,,"July 2023",2023,"Other",,"Other","https://ropensci.org/blog/2023/07/21/news-july-2023/"
"rOpenSci News Digest, June 2023",,,,,"June 2023",2023,"Other",,"Other","https://ropensci.org/blog/2023/06/22/ropensci-news-digest-june-2023/"
"rOpenSci News Digest, May 2023",,,,,"May 2023",2023,"Other",,"Other","https://ropensci.org/blog/2023/05/19/ropensci-news-digest-may-2023/"
"rOpenSci News Digest, April 2023",,,,,"April 2023",2023,"Other",,"Other","https://ropensci.org/blog/2023/04/21/ropensci-news-digest-april-2023/"
"rOpenSci News Digest, March 2023",,,,,"March 2023",2023,"Other",,"Other","https://ropensci.org/blog/2023/03/17/ropensci-news-digest-march-2023/"
"rOpenSci News Digest, February 2023",,,,,"February 2023",2023,"Other",,"Other","https://ropensci.org/blog/2023/02/17/ropensci-news-digest-february-2023/"
"rOpenSci News Digest, January 2023",,,,,"January 2023",2023,"Other",,"Other","https://ropensci.org/blog/2023/01/20/ropensci-news-digest-january-2023/"
"Community Call Multilingual Publishing",,,,,"November 2023",2023,"Event Organization",,"Organizer","https://ropensci.org/commcalls/nov2023-multilingual/"
"Community Call - Proyecto Multilingüe",,,,,"November 2023",2023,"Event Organization",,"Organizer","https://ropensci.org/commcalls/nov2023-multilenguaje/"
"Dinosaurs, Pirates, Spaceships - Embedded Podcast",,,,,"December 2023",2023,"Video/Podcast",,"Participant","https://embedded.fm/episodes/465"
"rOpenSci: Ciencia abierta con R",,,,,"November 2023",2023,"Talk",,"Speaker","https://youtu.be/iFf6v4SZvR0"
"R-Ladies Project Lead ",,,,,"December 2023",2023,"Other",,"Other","https://rladies.org/"
"Member The Carpentries Executive Council and Board of Directors",,,,,"December 2023",2023,"Other",,"Other","https://carpentries.org/"
" Member R Consortium Infrastructure Steering Committee,",,,,,"December 2023",2023,"Other",,"Other","https://www.r-consortium.org/about/governance"
"Research Software Camp Steering Committee",,,,"Online","December 2023",2023,"Other",,"Other","https://www.software.ac.uk/training/research-software-camps"
"he Carpentries Community Discussion Session: Carpentries Conversation with the Executive Council",,,,,"June 2023",2023,"Talk",,"Speaker","https://pad.carpentries.org/community-discussions,%20https://carpentries.zoom.us/my/carpentriesroom2"
"Desde las hojas de cálculo a R",,,,,"June 2023",2023,"Event Organization",,"Organizer","https://www.eventbrite.co.uk/e/desde-las-hojas-de-calculo-a-r-tickets-628425626967?aff=oddtdtcreator"
"Notebooks Now! Steering Committee",,,,,"December 2023",2023,"Other",,"Other","https://data.agu.org/notebooks-now/"
"LatinR Conference 2024",,,,"Online","November 2024",2024,"Event Organization",,"Organizer","https://latinr.org/"
"Contests ""Tell with Data""",,,,,"November 2024",2024,"Hackathon",,"Participant","https://udesa.edu.ar/contarcondatos"
"rOpenSci Champions Program. Mentorship Training and Orientation",,,,,"February 2024",2024,"Talk",,"Speaker","https://ropensci.org/events/2024-02-15-mentor-orientation/"
"Beautiful code, because we’re worth it!",,,,,"February 2024",2024,"Event Organization",,"Organizer","https://ropensci.org/events/2024-02-15-stylish-code/"
"Package Development: Not Rocket Science (champions training)",,,,,"March 2024",2024,"Event Organization",,"Organizer","https://ropensci.org/events/2024-04-01-pkg-dev-not-rocket-science-champions/"
"Package Development: the Mechanics",,,,,"March 2024",2024,"Event Organization",,"Organizer","https://ropensci.org/events/2024-03-01-pkg-dev-mechanics-champions/"
"Using GitHub Copilot with R",,,,,"December 2024",2024,"Talk",,"Speaker","https://rladiesrome.quarto.pub/"
"rOpenSci and Open Source for reproducible science",,,,,"December 2024",2024,"Talk",,"Speaker","https://biopackathon.connpass.com/event/332275/"
"The Carpentries Advisory Committee",,,,,"January 2024",2024,"Other",,"Other","https://carpentries.org/about-us/governance/"
"The Carpentries Board of Directors",,,,"Online","January 2024",2024,"Other",,"Other","https://carpentries.org/about-us/governance/"
"R-Ladies Board of Director/Leadership Team",,,,,"January 2024",2024,"Other",,"Other","https://rladies.org/about-us/global-team/"
" El rol del software de investigación a lo largo del ciclo de vida investigativo",,,,,"August 2025",2025,"Talk",,"Speaker","https://yabellini.netlify.app/talk/2025_resa_ropensci/"
"NumFOCUS’ DISC Unconf",,,,,"March 2025",2025,"Hackathon",,"Participant","https://numfocus.github.io/disc-unconference-2025/"
"Learning from Each Other’s Journeys: Case Studies from Open Initiatives",,,,,"July 2025",2025,"Talk",,"Speaker","https://yabellini.netlify.app/talk/2025_theturingway/"
"Desarrollando paquetes de R con la ayuda de rOpenSci",,,,"Online","April 2025",2025,"Talk",,"Speaker","https://yabellini.netlify.app/talk/2025_r-ladies_ropensci/"
"Trying to deal with LLMs to Teach Tech Skills",,,,,"May 2025",2025,"Talk",,"Speaker","https://yabellini.netlify.app/talk/2025_thecarpentries_llm/"
"Advancing Research with openScience and Collaborative Communitties",,,,"Online","January 2025",2025,"Talk",,"Speaker","https://yabellini.netlify.app/talk/2025_brandon_university/"
"Keynote: Teaching Tech Together: What’s Worked, What Hasn’t, and What’s Next",,,,"Online","January 2025",2025,"Talk",,"Speaker","https://yabellini.netlify.app/talk/2025_edinburgh_winter_school/"
"Keynote: The stories behind your community numbers",,,,,"November 2024",2024,"Talk",,"Speaker","https://ropensci.org/events/carpentryconnect-2024/"
"Understanding Quarto Documents: Types, Formatting, and Creation",,,,"Online","April 2025",2025,"Talk",,"Speaker","https://yabellini.netlify.app/talk/2025_unilorin_rug/"
"Keynote: We R Together. How to learn, use and improve a programming language as a community.",,,,,"August 2025",2025,"Talk",,"Speaker","https://yabellini.netlify.app/talk/2025_user2025/"
"LatinR 2025 - Latinamerican Conference About the Use of R in R&D",,,,"Online","December 2025",2025,"Event Organization",,"Organizer","https://latinr.org/en/"
"Coworking Mini-Hackathon for First-Time Contributors!",,,,,"February 2025",2025,"Hackathon",,"Participant","https://ropensci.org/events/coworking-2025-02/"
"Coworking Mini-Hackathon for First-Time Contributors!",,,,,"March 2025",2025,"Hackathon",,"Participant","https://ropensci.org/events/coworking-2025-03/"
"Replications Project Advisory Board",,,,,"May 2025",2025,"Other",,"Other","https://forrt.org/"
"Social Coworking and Office Hours - Improving accessibility in your work (rOpenSci)",,,,,"September 2025",2025,"Event Organization",,"Organizer","https://ropensci.org/events/coworking-2025-09/"
"Profesora Curso ""Programación  II"" ' Universidad Austral",,,,,"August 2025",2025,"Other",,"Other","https://intro-programacion.netlify.app/"
"Desarrollar Software en Comunidad",,,,,"August 2025",2025,"Talk",,"Speaker","https://paocorrales.github.io/git-desarrollo-software/"
"Desarrollo de paquetes para principiantes",,,,,"September 2025",2025,"Event Organization",,"Organizer","https://desarrollo-paquetes-basico-2025.netlify.app/session-1/slides/#/"
"Desarrollo de paquetes para principiantes: Testeo!",,,,,"September 2025",2025,"Event Organization",,"Organizer","https://desarrollo-paquetes-basico-2025.netlify.app/session-2/slides/#/"
"Desarrollo de Paquetes para principiantes: documentacion",,,,,"September 2025",2025,"Event Organization",,"Organizer","https://desarrollo-paquetes-basico-2025.netlify.app/session-3/slides/#/"
"¡Código hermoso, porque lo valemos! ",,,,,"September 2025",2025,"Event Organization",,"Organizer","https://codigo-hermoso.netlify.app/#/"
"Intro: Desarrollando software en comunidad con git y GitHub",,,,,"August 2025",2025,"Event Organization",,"Organizer","https://paocorrales.github.io/git-desarrollo-software/"
"Cómo contribuir a proyectos y comunidades abiertas",,,,,"October 2025",2025,"Talk",,"Speaker","https://yabellini.github.io/osscontribuir/#/title-slide"
"Graceful Internet Packages",,,,"Online","November 2025",2025,"Event Organization",,"Organizer","https://ropensci.org/commcalls/graceful-internet-packages/"
"¡Miércoles, Git! Manejo de errores en Git y no morir en el intento",,,,,"December 2025",2025,"Event Organization",,"Organizer","https://www.eventbrite.cl/e/miercoles-git-manejo-de-errores-en-git-y-no-morir-en-el-intento-tickets-1937068908249?aff=oddtdtcreator"
"¿Qué historia vas a contar hoy? Herramientas para una comunicación eficaz.",,,,,"December 2025",2025,"Event Organization",,"Organizer","https://www.eventbrite.cl/e/que-historia-vas-a-contar-hoy-herramientas-para-una-comunicacion-eficaz-tickets-1891497192019?aff=oddtdtcreator"
"LLMs en tu PC: Inteligencia Artificial Generativa en forma local.",,,,,"December 2025",2025,"Event Organization",,"Organizer","https://www.eventbrite.cl/e/llms-en-tu-pc-inteligencia-artificial-generativa-en-forma-local-tickets-1953038152689?aff=oddtdtcreator"
"Automatización de workflows en R y Python con targets y snakemake",,,,,"December 2025",2025,"Event Organization",,"Organizer","https://www.eventbrite.cl/e/automatizacion-de-workflows-en-r-y-python-con-targets-y-snakemake-tickets-1936131664929?aff=oddtdtcreator"
"Crea tus propios inputs y outputs en Shiny",,,,,"December 2025",2025,"Event Organization",,"Organizer","https://www.eventbrite.cl/e/crea-tus-propios-inputs-y-outputs-en-shiny-tickets-1955947434429?aff=oddtdtcreator"
"Forecasting with regression models",,,,,"December 2025",2025,"Event Organization",,"Organizer","https://www.eventbrite.cl/e/forecasting-with-regression-models-tickets-1955640717029?aff=oddtdtcreator"
"Intro a Positron",,,,,"December 2025",2025,"Event Organization",,"Organizer","https://www.eventbrite.cl/e/intro-a-positron-tickets-1964484827000?aff=oddtdtcreator"
"Introdución a Tidymodels",,,,,"December 2025",2025,"Event Organization",,"Organizer","https://www.eventbrite.com.ar/e/1962543491413?aff=oddtdtcreator"
"R-multiverse: a new way to publish R packages",,,,,"September 2025",2025,"Event Organization",,"Organizer","https://ropensci.org/commcalls/r-multiverse/"
"Tableros con Quarto Dashboards y Crosswalk",,,,,"December 2025",2025,"Event Organization",,"Organizer","https://www.eventbrite.com.ar/e/1955757476259?aff=oddtdtcreator"
"Análisis y visualización de datos funcionales en R",,,,,"December 2025",2025,"Event Organization",,"Organizer","https://www.eventbrite.com.ar/e/1962639693155?aff=oddtdtcreator"
"Análisis cualitativo para grandes volúmenes de texto con LLMs",,,,,"December 2025",2025,"Event Organization",,"Organizer","https://www.eventbrite.com.ar/e/analisis-cualitativo-para-grandes-volumenes-de-texto-con-llms-tickets-1962623150676?aff=oddtdtcreator"
"Coworking Mini-Hackathon for First-Time Contributors",,,,"Online","February 2025",2025,"Hackathon",,"Participant","https://ropensci.org/events/coworking-2025-02/"
"Coding with AI in RStudio",,,,,"December 2025",2025,"Event Organization",,"Organizer","https://www.eventbrite.com.ar/e/1962817615325?aff=oddtdtcreator"
"Coworking Mini-Hackathon for First-Time Contributors",,,,,"March 2025",2025,"Hackathon",,"Participant","https://ropensci.org/events/coworking-2025-03/"
"Desde hojas de calculo a R - Encuentro 1",,,,,"June 2025",2025,"Talk",,"Speaker","https://www.meetup.com/rladies-santa-rosa/events/308228742/"
"Desde hojas de calculo a R - Encuentro 2",,,,,"June 2025",2025,"Talk",,"Speaker","https://www.meetup.com/rladies-santa-rosa/events/308229006/"
"¡Miércoles, Git! Manejo de errores en Git y no morir en el intento",,,,"Online","October 2025",2025,"Event Organization",,"Organizer","https://www.meetup.com/rladies-santa-rosa/events/308395195/"
"Member Infrastructure Steering Committee R Consortium",,,,,"October 2025",2025,"Other",,"Other","https://r-consortium.org/about/governance.html#infrastructure-steering-committee"
"Big Team Collaboration on Data Management and Analysis with rOpenSci",,,,,"October 2025",2025,"Talk",,"Speaker","https://ropensci.org/events/csidnetwork-2025/"
"Connecting with the Larger Open Science Community",,,,,"November 2025",2025,"Talk",,"Speaker","https://www.notion.so/Connecting-with-the-Larger-Open-Science-Community-25530b623ec8804ab5a3c1710b92c24e"
